Codigo,Resposable,Linea estrategica,Programa,Indicadores,Descripcion,Unidad,Cantidad Cuatrenio,Meta 2024,Avance 2024,Meta 2025,Avance 2025,Meta 2026,Avance 2026,Meta 2027,Avance 2027,Avance acumulado,Presupuesto inicial 2024,Presupuesto Final 2024,Presupuesto inicial 2025,Presupuesto Final 2025,Presupuesto inicial 2026,Presupuesto Final 2026,Presupuesto inicial 2027,Presupuesto final 2027,Presupuesto Final Total
L1P1-01,Frank Hurtado,Dinamizacion y transformacion productiva,Agro,Formas organizativas capacitadas,Contempla acciones que se realizan para contribuir al conocimiento y apropiación de los pequeños productores sobre temas administrativos y de gestión financiera.,Número capacitaciones,50,10,30,12.5,8,15,0,12.5,0,38,"$100,000,000","$89,107,235",0,0,0,0,0,0,"$89,107,235"
L1P1-02,Frank Hurtado,Dinamizacion y transformacion productiva,Agro,Unidades productivas Beneficiadas,Incluye la identificación del estado de los procesos productivos y definición de planes de mejoramiento.,Unidades Productivas Beneficiadas,150,30,103,37.5,21,45,0,37.5,0,124,$0,"$207,907,285",0,0,0,0,0,0,"$207,907,285"
L1P1-03,Frank Hurtado,Dinamizacion y transformacion productiva,Agro,Cadenas productivas apoyadas,"En beneficio del mejoramiento del ingreso al productor, el servicio de apoyo a la comercialización de las cadenas agrícolas, forestales, pecuarias, pesqueras y acuícolas, promueve estrategias para: i.Afrontar las variaciones atípicas en la demanda, oferta y en el precio de los productos, ii. la generación de valor agregado y iii. Permite el acceso de productos a canales de comercialización formales con estándares de calidad; mediante el fortalecimiento en los procesos de poscosecha, de transformación y en el acompañamiento técnico para la apertura a nuevos mercados.",Número,150,30,30,37.5,27,45,0,37.5,0,57,"$218,900,000","$196,743,888",0,0,0,0,0,0,"$196,743,888"
L1P1-04,Frank Hurtado,Dinamizacion y transformacion productiva,Agro,Centros de acopio adecuados,Los centros de acopio cumplen la función de reunir la producción para su posterior distribución y comercialización.,Número de centros adecuados,4,0.8,0,1,0,1.2,0,1,0,0,$0,$0,0,0,0,0,0,0,$0
L1P1-05,Frank Hurtado,Dinamizacion y transformacion productiva,Agro,Mercados campesinos realizados,"Consiste en el acompañamiento para la identificación de apoyos específicos, la adquisición de competencias comerciales y en casos requeridos, la inserción o consolidación en encadenamientos comerciales, negocios digitales",Número Mercados Campesinos,40,8,8,10,6,12,0,10,0,14,$0,$0,0,0,0,0,0,0,$0
L1P1-06,Frank Hurtado,Dinamizacion y transformacion productiva,Agro,Productores beneficiados con estrategias de fomento a la asociatividad,"Incluye el desarrollo de actividades encaminadas a fomentar la asociatividad entre los productores rurales dispersos. Adicionalmente, busca sensibilizar a los productores dispersos sobre los beneficios y responsabilidades que se derivan de los procesos asociativos y de participación para el desarrollo rural, por medio de la realización de eventos, talleres, asesorías, capacitaciones y/o mesas de trabajo, entre otros.",Número Estrategias,150,30,40,37.5,27,45,0,37.5,0,67,$0,$0,0,0,0,0,0,0,$0
L1P1-07,Frank Hurtado,Dinamizacion y transformacion productiva,Agro,Predios formalizados o regularizados para el desarrollo rural,"Apoyar las gestiones tendientes a formalizar el derecho de dominio de predios rurales, el saneamiento de títulos que conlleven la falsa tradición y para acompañar a los interesados en la realización de trámites administrativos, notariales y registrales no cumplidos oportunamente (incluye clarificación de linderos , entre otros)",Número Proyectos,3,0.6,0,0.75,0,0.9,0,0.75,0,0,$0,$0,0,0,0,0,0,0,$0
L1P1-08,Frank Hurtado,Dinamizacion y transformacion productiva,Agro,Centros de transformación,Incluye la identificación de necesidades para apoyar el funcionamiento de los centros de transformación productiva para realizar actividades derivadas del uso de la biodiversidad que impulsen la bioeconomía,Número,2,0.4,0,0.5,0,0.6,0,0.5,0,0,$0,$0,0,0,0,0,0,0,$0
L1P1-09,Frank Hurtado,Dinamizacion y transformacion productiva,Agro,Personas capacitadas,Realizar capacitación a productores sobre implementación de Buenas Prácticas Agrícolas.,Número de personas,500,100,163,125,65,150,0,125,0,228,$0,$0,0,0,0,0,0,0,$0
L1P2-01,Frank Hurtado,Dinamizacion y transformacion productiva,Turismo,Campañas y/ o eventos realizados marketing realizados,"Corresponde a campañas de divulgación y promoción de los atractivos turísticos de la zonas, así como las actividades para el posicionamiento de las regiones, departamentos y municipios como destinos turísticos.",Número,12,2.4,5,3,2,3.6,0,3,0,7,$0,"$9,100,000",0,0,0,0,0,0,"$9,100,000"
L1P2-02,Frank Hurtado,Dinamizacion y transformacion productiva,Turismo,Capacitaciones realizadas,"Consiste en la capacitación y entrenamiento a personas interesadas en trabajar en el sector turismo. Incluye fortalecimiento de atención al cliente, de conocimientos históricos, entre otros.",Numero,12,2.4,5,3,3,3.6,0,3,0,8,"$20,837,250","$77,002,883",0,0,0,0,0,0,"$77,002,883"
L1P2-03,Frank Hurtado,Dinamizacion y transformacion productiva,Turismo,Servicio de circuito turístico,"Corresponde a un recorrido por determinados atractivos turísticos. Diseño y construcción de las estrategias para el ecoturismo, turismo rural","Número
 Circuitos",12,2.4,6,3,1,3.6,0,3,0,7,$0,"$23,004,589",0,0,0,0,0,0,"$23,004,589"
L1P2-04,Frank Hurtado,Dinamizacion y transformacion productiva,Turismo,Estrategia de rutas culturales y patrimoniales operando,Diseño y construcción de las estrategias para el turismo cultural,"Número
 Estrategia",1,0.2,1,0.25,1,0.3,0,0.25,0,2,$0,$0,0,0,0,0,0,0,$0
L1P2-05,Frank Hurtado,Dinamizacion y transformacion productiva,Turismo,Infraestructura construida,"Corresponde a la construcción de infraestructura o espacios de uso público en los atractivos turísticos del territorio (garitas, baños públicos, puntos de información, rampas etc.) que mejoren la prestación de los servicios al turista.",Número,2,0.4,0,0.5,0,0.6,0,0.5,0,0,$0,$0,0,0,0,0,0,0,$0
L1P2-06,Frank Hurtado,Dinamizacion y transformacion productiva,Turismo,Documentos sobre medición y análisis de información turística realizados,Comprende las actividades necesarias para el procesamiento y generación de conocimiento en torno al sector turismo,Número,1,0.2,1,0.25,1,0.3,0,0.25,0,2,$0,$0,0,0,0,0,0,0,$0
L1P2-07,Frank Hurtado,Dinamizacion y transformacion productiva,Turismo,"Proyectos cofinanciados para la formación, capacitación, sensibilización turística",Con este servicio se busca financiar a través de FONTUR proyectos que se orienten a mejorar la calidad de los recursos turísticos y los factores que los diferencian y los hacen deseables para los turistas. De igual forma mejorar la capacidad de los empresarios del sector de generar rentabilidad y de mantener el negocio en el tiempo.,Número de proyectos,20,4,4,5,2,6,0,5,0,6,$0,$0,0,0,0,0,0,0,$0
L1P3-01,Frank Hurtado,Dinamizacion y transformacion productiva,Emprendimiento,capacitaciones para la formación en el emprendimiento y el empresarismo ofrecidas,"Hace referencia a las jornadas de formación complementaria, vocacional y de proyectos productivos en el programa jóvenes rurales emprendedores Población desplazada, mujeres rurales.",Número,95,19,20,23.75,10,28.5,0,23.75,0,30,$0,"$32,877,000",0,0,0,0,0,0,"$32,877,000"
L1P3-02,Frank Hurtado,Dinamizacion y transformacion productiva,Emprendimiento,Unidades productivas creadas,"Orientada a generar oportunidades y desarrollar capacidades para la creación y/o desarrollo de proyectos productivos, que se conviertan en un medio para la generación de ingresos.",Número,20,4,5,5,7,6,0,5,0,12,$0,$0,0,0,0,0,0,0,$0
L1P3-03,Frank Hurtado,Dinamizacion y transformacion productiva,Emprendimiento,Nuevos programas desarrollados para el cierre de brechas en el ciclo empresarial,Asistencia técnica dirigida a emprendedores con empresas en etapa temprana (menores de 5 años).,Número de empresas,4,0.8,1,1,1,1.2,0,1,0,2,$0,$0,0,0,0,0,0,0,$0
L1P3-04,Frank Hurtado,Dinamizacion y transformacion productiva,Emprendimiento,capacitaciones para la formación en el emprendimiento y el empresarismo ofrecidas,"Hace referencia a las jornadas de formación complementaria, vocacional y de proyectos productivos en el programa jóvenes rurales emprendedores y victimas del conflicto",Número,30,6,12,7.5,6,9,0,7.5,0,18,$0,"$15,600,000",0,0,0,0,0,0,"$15,600,000"
L1P3-05,Frank Hurtado,Dinamizacion y transformacion productiva,Emprendimiento,Número de servicios desarrollados,"Se trata de la gestión que se realiza para la conformación de emprendimientos en población.Esto podrá incluir conformación, fortalecimiento, asesoría, empresas, modelo de evaluación, personas sensibilizadas, entre otros, que oriente la creación y fortalecimiento.",Número servicios,8,1.6,3,2,4,2.4,0,2,0,7,$0,$0,0,0,0,0,0,0,$0
L1P4-01,Frank Hurtado,Dinamizacion y transformacion productiva,Comercio,Empresas asistidas técnicamente,"Incluye la adecuación, promoción y comercialización de productos en nuevos mercados, adecuaciones de infraestructura, compra o arrendamiento de maquinaria, equipos, Insumos, pagos de honorarios y Servicio de consultoría. De igual manera se brinda acompañamiento en el diseño e implementación de la estrategia comercial internacional.",Número de empresas,40,8,15,10,5,12,0,10,0,20,$0,$0,0,0,0,0,0,0,$0
L1P4-02,Frank Hurtado,Dinamizacion y transformacion productiva,Comercio,Programas desarrollados,estrategias para el fortalecimiento empresarial,Número,4,0.8,2,1,1,1.2,0,1,0,3,$0,$0,0,0,0,0,0,0,$0
L1P4-03,Frank Hurtado,Dinamizacion y transformacion productiva,Comercio,Número de unidades productivas,"Corresponde a la asistencia técnica que se les ofrece a las unidades productivas con el fin de alcanzar mayores niveles de productividad, a través de intervenciones en ejes tales como gestión de la calidad, logística, sostenibilidad ambiental, productividad operacional, transformación digital, eficiencia energética, productividad laboral, desarrollo y sofisticación de productos, gestión comercial, entre otros. Cada intervención incluye un diagnóstico, un plan de acción y una medición final.",Unidades productivas beneficiadas,30,6,7,7.5,9,9,0,7.5,0,16,$0,$0,0,0,0,0,0,0,$0
L1P4-04,Frank Hurtado,Dinamizacion y transformacion productiva,Comercio,Instrumentos para el mejoramiento productivo implementados,"Involucra la generación, fortalecimiento o mejora de modelos de negocio y sus respectivas líneas de producción, establecimiento de procesos y procedimientos de estandarización de cadenas productivas, fortalecimiento del seguimiento y mejora continua para lograr los estándares establecidos para este tipo de negocio, así como brindar asistencia técnica y acompañamiento durante la puesta en funcionamiento de todos estos componente.",Número,8,1.6,8,2,5,2.4,0,2,0,13,$0,$0,0,0,0,0,0,0,$0
L1P4-05,Frank Hurtado,Dinamizacion y transformacion productiva,Comercio,Empresas asistidas técnicamente en temas de legalidad y/o formalización.,"Promoción de la cultura de la formalidad, entendida más allá de la obligación de registro, como un medio de inclusión económica, ambiental y social de las empresas en los mercados.",Número de empresas,40,8,30,10,5,12,0,10,0,35,$0,$0,0,0,0,0,0,0,$0
L1P4-06,Frank Hurtado,Dinamizacion y transformacion productiva,Comercio,Estrategias realizadas,"Hace referencia a la gama de estrategias que pretenden incidir directamente sobre la estructura y el funcionamiento del mercado de trabajo, para incentivar la generación de empleo, su organización, y en la reducción de barreras para insertarse en el mercado laboral.",Número de estrategias,8,1.6,3,2,1,2.4,0,2,0,4,$0,$0,0,0,0,0,0,0,$0
L1P4-07,Frank Hurtado,Dinamizacion y transformacion productiva,Comercio,Asociaciones y artesanos atendidos,"Brindar asesorías puntuales y capacitación por medio de talleres, acompañamiento técnico y transferencia de metodologías para enfrentar las debilidades de la actividad productiva y de acceso a los mercados.",Número de organizaciones,20,4,7,5,3,6,0,5,0,10,$0,$0,0,0,0,0,0,0,$0
L2P5-01,Leidy,Movilidad social y bienestar,Niños y jovenes,Familias atendidas,"Incluye el desarrollo de acciones de asesoría, orientación y acompañamiento a las familias, que buscan generar cultura en las familias y las comunidades sobre vínculos de cuidado mutuo en las situaciones de dinámica relacional o en aquellas que requieran apoyo ante situaciones de vulnerabilidad sociocultural o de garantía de derechos.",Número,160,32,225,40,0,48,0,40,0,225,"$20,495,718","$30,494,168",0,0,0,0,0,0,"$30,494,168"
L2P5-02,Leidy,Movilidad social y bienestar,Niños y jovenes,Instituciones y entidades asistidas técnicamente,"Comprende la capacitación, asesoría y acompañamiento en el diseño e implementación de programas dirigidos a las familias y a la garantía de sus derechos y los de sus integrantes .",Número de instituciones y organizaciones,12,2,0,4,0,3,0,3,0,0,$0,$0,0,0,0,0,0,0,$0
L2P5-03,Leidy,Movilidad social y bienestar,Niños y jovenes,Niños y niñas atendidos en Servicio integrales,"Servicio dispuestos para atender a los niños y niñas en primera infancia, con el fin de promover su desarrollo integral a través de la atención en educación inicial, cuidado calificado, salud, nutrición, protección y acompañamiento familiar.",Número,3000,600,119,750,0,900,0,750,0,119,$0,$0,0,0,0,0,0,0,$0
L2P5-04,Leidy,Movilidad social y bienestar,Niños y jovenes,Agentes educativos cualificados,Servicio dirigidos a fortalecer las habilidades y competencias de los agentes educativos para brindar atención integral a la primera infancia.,Número,12,2,2,4,0,3,0,3,0,2,$0,$0,0,0,0,0,0,0,$0
L2P5-05,Mario Laverde,Movilidad social y bienestar,Niños y jovenes,Edificaciones de atención integral a la primera infancia construidas,Construcción de infraestructuras dirigidas específicamente a prestar Servicio de atención integral a los niños y niñas en primera infancia.,Número,1,0.2,1,0.25,0,0.3,0,0.25,0,1,$0,$0,0,0,0,0,0,0,$0
L2P5-06,"Leidy, Laura gonzalez",Movilidad social y bienestar,Niños y jovenes,"Documentos de lineamientos técnicos en Política y Atención Integral de niños, niñas y adolescentes realizados","Servicios orientados a fortalecer técnicamente a los agentes de la institucionalidad de infancia, adolescencia y juventud en la formulación e implementación de sus propuestas de política pública, estrategias, planes y proyectos dirigidas a garantizar la protección integral de los niños, niñas, adolescentes y jóvenes.",Número,1,0.2,0,0.25,0,0.3,0,0.25,0,0,$0,$0,0,0,0,0,0,0,$0
L2P5-07,Leidy,Movilidad social y bienestar,Niños y jovenes,"Niños, niñas, adolescentes y jóvenes atendidos","Servicio dirigidos a la atención de niños, niñas, adolescentes y jóvenes, con enfoque pedagógico y restaurativo encaminados a la inclusión social.",Número,160,32,305,40,0,48,0,40,0,305,"$26,400,000","$30,000,000",0,0,0,0,0,0,"$30,000,000"
L2P5-08,Leidy,Movilidad social y bienestar,Niños y jovenes,Servicios de educación implementados,"Servicios de educación informal a niños, niñas, adolescentes y jóvenes para el reconocimiento de sus derechos",Número servicios,6,1.2,3,1.5,0,1.8,0,1.5,0,3,"$10,000,000",$0,0,0,0,0,0,0,$0
L2P5-09,Leidy,Movilidad social y bienestar,Niños y jovenes,"Niños, niñas, adolescentes y jóvenes beneficiados","Servicios enfocados a garantizar los derechos fundamentales , la prevención de amenazas o vulneración y restablecimiento de derechos.","Número de niños, niñas, adolescentes y jóvenes",3000,600,514,750,0,900,0,750,0,514,"$30,000,000","$30,950,397",0,0,0,0,0,0,"$30,950,397"
L2P5-10,Leidy,Movilidad social y bienestar,Niños y jovenes,Estrategias realizadas,"Estrategias mediante las cuales se difunde, motiva y sensibiliza a la sociedad en general acerca de la información de promoción y prevención de los derechos de los niños, niñas, adolescentes y jóvenes y se dan a conocer los mecanismos para su restablecimiento. Incluye las acciones que se realizan para el intercambio de experiencias,",Número,8,1.6,2,2,0,2.4,0,2,0,2,"$81,920,000","$81,920,000",0,0,0,0,0,0,"$81,920,000"
L2P5-11,Leidy,Movilidad social y bienestar,Niños y jovenes,"Niñas, niños y adolescentes atendidos","Comprende acciones encaminadas a impulsar los intereses, vocaciones y talentos de las niñas, niños adolescentes alrededor de lo artístico, cultural, deportivo, científico, tecnológico y ambiental, como parte fundamental para la construcción integral de los planes de vida.","Número de niños, niñas y adolescentes",3000,600,98,750,0,900,0,750,0,98,$0,$0,0,0,0,0,0,0,$0
L2P5-12,Laura Gonzalez,Movilidad social y bienestar,Niños y jovenes,Estrategias implementadas,Estrategias implementadas para el desarrollo y fortalecimiento de las competencias de los jóvenes,Número,8,1.6,1,2,2,2.4,0,2,0,3,$0,"$38,291,150",0,0,0,0,0,0,"$38,291,150"
L2P6-01,Laura Gonzalez,Movilidad social y bienestar,Mujeres,Estrategias para el fomento de a la participación de las mujeres en los espacios de participación política y de toma de decisión implementadas,Corresponde al diseño e implementación de acciones y estrategias que promuevan el ejercicio de la participación ciudadana,Número de iniciativas,12,2.4,2,3,2,3.6,0,3,0,4,$0,$0,0,0,0,0,0,0,$0
L2P6-02,Laura Gonzalez,Movilidad social y bienestar,Mujeres,Documentos de investigación (para la equidad de género para las mujeres elaborados),"Acciones orientadas a la recolección, análisis y procesamiento de la información.",Número,1,0.2,0,0.25,0,0.3,0,0.25,0,0,$0,$0,0,0,0,0,0,0,$0
L2P6-03,Laura Gonzalez,Movilidad social y bienestar,Mujeres,Mujeres participantes,Servicio dirigidos a fortalecer las habilidades y competencias de las mujeres del entorno rural,Número,2000,400,290,500,370,600,0,500,0,660,$0,$0,0,0,0,0,0,0,$0
L2P6-04,Laura Gonzalez,Movilidad social y bienestar,Mujeres,Asociaciones de mujeres fortalecidas,Acompañamiento a asociaciones de productores ya conformadas o en proceso de conformación en temas administrativos y de organización.,Número de asociaciones,10,2,6,2.5,5,3,0,2.5,0,11,$0,$0,0,0,0,0,0,0,$0
L2P6-05,Laura Gonzalez,Movilidad social y bienestar,Mujeres,Estrategias de fomento de participación para las mujeres,"Corresponde al diseño y desarrollo de estrategias educativas que tienen como objetivo brindar oportunidades para apropiar, complementar, actualizar, perfeccionar, renovar o profundizar conocimientos, habilidades, técnicas y prácticas, este conocimiento libre y espontáneo adquirido, puede provenir de personas, entidades, medios masivos de comunicación, medios impresos, tradiciones, costumbres, comportamientos sociales y otros no estructurados y su duración es inferior a 160 horas.",Número de personas,3000,600,390,750,347,900,0,750,0,737,$0,$0,0,0,0,0,0,0,$0
L2P6-06,Laura Gonzalez,Movilidad social y bienestar,Mujeres,Mujeres atendidas,"Servicio enfocado a dar orientación en casos de cualquier acción o conducta que se desarrolle a partir de las relaciones de poder asimétricas basadas en el género, identidad sexual, sexo u orientación a través de líneas de atención.",Número de casos,100,20,29,25,30,30,0,25,0,59,$0,$0,0,0,0,0,0,0,$0
L2P6-07,Laura Gonzalez,Movilidad social y bienestar,Mujeres,Programas de gestión empresarial ejecutados en unidades productivas de mujeres,"Acompañamiento técnico a las empresas para el desarrollo de capacidades gerenciales a través de programas de gestión empresarial, planes gerenciales, entre otros.",Número de programas,20,4,13,5,21,6,0,5,0,34,$0,$0,0,0,0,0,0,0,$0
L2P6-08,Laura Gonzalez,Movilidad social y bienestar,Mujeres,Mujeres que participan en estrategias de promoción de la participación social en Salud,"Corresponde a las estrategias y acciones para la articulación de actores sociales, gubernamentales a nivel sectorial e intersectorial, entre otros, para generar mecanismos y espacios de participación, socialización y abogacía, para la participación en la planeación social, comunitaria y ciudadana en salud y la participación en la atención integral en salud, la salud pública, la gobernanza en salud y las intervenciones colectivas.",Número de estatregias,12,2.4,2,3,3,3.6,0,3,0,5,"$30,764,000","$38,520,470",0,0,0,0,0,0,"$38,520,470"
L2P6-09,Laura Gonzalez,Movilidad social y bienestar,Mujeres,Estrategia de transversalización del enfoque de género,"Este servicio incluye el desarrollo de herramientas, estrategias, recomendaciones y documentos para incorporar el enfoque de género en todas las esferas del desarrollo",Número de estrategias,12,2.4,2,3,2,3.6,0,3,0,4,$0,"$172,380,250",0,0,0,0,0,0,"$172,380,250"
L2P7-01,Laura Gonzalez,Movilidad social y bienestar,Adulto mayor,Adultos mayores atendidos con servicios integrales,"Servicios integrales que incluyen aspectos relacionados con protección a la salud y bienestar social, educación, cultura, recreación, entorno físico y social favorable, productividad para los adultos mayores.",Número,2500,500,876,625,910,750,0,625,0,1786,"$387,003,557","$1,439,082,316",0,0,0,0,0,0,"$1,439,082,316"
L2P7-02,Laura Gonzalez,Movilidad social y bienestar,Adulto mayor,programas de atención integral para personas mayores,Programas de atención integral a personas mayores,Número,8,1.6,2,2,2,2.4,0,2,0,4,$0,$0,0,0,0,0,0,0,$0
L2P7-03,Laura Gonzalez,Movilidad social y bienestar,Adulto mayor,Centros de protección social para el adulto mayor dotados,"Corresponde a la dotación destinada al ofrecimiento de servicios de hospedaje, bienestar social y cuidado integral de manera permanente o temporal a los adultos mayores en condicionesde descuido, abandono o víctimas de violencia intrafamiliar.",Número,4,0.8,2,1,1,1.2,0,1,0,3,"$165,858,668","$452,407,429",0,0,0,0,0,0,"$452,407,429"
L2P8-01,Laura Gonzalez,Movilidad social y bienestar,Inclusion,Personas con discapacidad atendidas con servicios integrales,"Servicios integrales que incluyen aspectos relacionados con atención en salud, cuidado, alimentación, hospedaje, formación para el trabajo, inclusión productiva, recreación, entre otros, para población en condición de discapacidad",Porcentaje,80,16,56.8,20,30,24,0,20,0,86.8,"$123,065,505","$114,830,222",0,0,0,0,0,0,"$114,830,222"
L2P8-02,Laura Gonzalez,Movilidad social y bienestar,Inclusion,Cuidadores cualificados,Servicios dirigidos a fortalecer las habilidades y competencias de los cuidadores en temas de protección y atención integral a esta población.,Número,50,10,25,12.5,30,15,0,12.5,0,55,$0,$0,0,0,0,0,0,0,$0
L2P8-03,Laura Gonzalez,Movilidad social y bienestar,Inclusion,Personas caracterizadas (habitantes de Calle),Servicios mediante los cuales se identifican y analizan los perfiles de la población habitante de la calle.,Porcentaje,100,20,100,25,25,30,0,25,0,125,$0,$0,0,0,0,0,0,0,$0
L2P8-04,Laura Gonzalez,Movilidad social y bienestar,Inclusion,Acciones ejecutadas con las comunidades,"Incluye el desarrollo de acciones de intervención comunitaria, transmisión de saberes intergeneracionales y acciones de formación comunitaria con enfoque diferencial, que fortalezcan la activación de la reconstrucción del tejido social y la participación ciudadana.",Número,6,1.2,2,1.5,2,1.8,0,1.5,0,4,$0,$0,0,0,0,0,0,0,$0
L2P8-05,Laura Gonzalez,Movilidad social y bienestar,Inclusion,Servicios implementados,"Se refiere a la atención de la población diversidad sexual para atención integral en salud, deporte, cultura, educación",Número,8,1.6,0,2,1,2.4,0,2,0,1,$0,$0,0,0,0,0,0,0,$0
L2P8-06,Laura Gonzalez,Movilidad social y bienestar,Inclusion,Política pública formulada,Se refiere a la definición de políticas para la construcción de modelos de inclusión,Número,1,0.2,0,0.25,0,0.3,0,0.25,0,0,$0,$0,0,0,0,0,0,0,$0
L2P8-07,Juan Manuel - Esneida,Movilidad social y bienestar,Inclusion,Eventos de participación realizados,Orientados a generar mecanismos mediante los cuales las víctimas tengan participación conjunta y activa en la determinación de las medidas y programas que se desarrollan en su proceso de atención y reparación.,Número de eventos,12,2.4,0,3,0,3.6,0,3,0,0,"$7,500,000","$7,500,000",0,0,0,0,0,0,"$7,500,000"
L2P9-01,Laura Gonzalez,Movilidad social y bienestar,Salud,Personas afiliadas al régimen subsidiado,"Este servicio permite a las entidades territoriales realizar la afiliación de la población al régimen subsidiado conforme a las condiciones del Sistema General de Seguridad Social; incluye el registro, reporte, sistematización y seguimiento de afiliados en los sistemas de información correspondientes.",Número,8150,7826,7981,7950,8205,8050,0,8150,0,16186,"$10,051,781,948","$11,910,646,245",0,0,0,0,0,0,"$11,910,646,245"
L2P9-02,Laura Gonzalez,Movilidad social y bienestar,Salud,Documentos de planeación Estratégica,"Documentos cuyo objetivo es plasmar una visión de futuro a nivel país, entidad territorial, comunidad, sector, región, entidad o cualquier nivel de desagregación que se requiera. Incluye objetivos, estrategias, metas e indicadores.",Número,1,0.2,1,0.25,0,0.3,0,0.25,0,1,$0,$0,0,0,0,0,0,0,$0
L2P9-03,Laura Gonzalez,Movilidad social y bienestar,Salud,Personas en capacidad de ser atendidas,"Acciones de respuesta en salud ante situaciones de emergencias o desastres, dirigidas a gestionar la atención de las contingencias que puedan afectar la salud de la población y mitigar los efectos negativos a la salud humana.",Número,100,20,90,25,25,30,0,25,0,115,"$177,536,904","$294,375,204",0,0,0,0,0,0,"$294,375,204"
L2P9-04,Laura Gonzalez,Movilidad social y bienestar,Salud,Personas capacitadas,"Corresponde al servicio de educación informal en temas de salud pública, orientado a la población a nivel de individuos, familias y comunidad en general.",Número personas,5000,1000,1144,1250,825,1500,0,1250,0,1969,$0,"$36,400,000",0,0,0,0,0,0,"$36,400,000"
L2P9-05,Laura Gonzalez,Movilidad social y bienestar,Salud,Campañas de gestión del riesgo en temas de consumo de sustancias psicoactivas implementadas,Acciones mediante las cuales se previene el consumo de sustancias psicoactivas en la población.,Número campañas,8,2,1,2,2,2,0,2,0,3,"$68,541,542","$71,000,001",0,0,0,0,0,0,"$71,000,001"
L2P9-06,Laura Gonzalez,Movilidad social y bienestar,Salud,Estrategias de gestión del riesgo en temas de salud sexual y reproductiva implementadas,Corresponde a las acciones relacionadas con la prevención y mitigación de riesgos que afectan la salud sexual y reproductiva de las personas en el curso de su vida desde un enfoque de derechos.,Número estrategias,12,3,2,3,2,3,0,3,0,4,"$52,693,242","$86,500,000",0,0,0,0,0,0,"$86,500,000"
L2P9-07,Laura Gonzalez,Movilidad social y bienestar,Salud,Estrategias de promoción de la salud en temas de salud mental y convivencia social pacifica implementadas,"Incluye acciones de prevención de los trastornos mentales asociados a factores sociales, psicológicos y biológicos, en los diferentes entornos en los que se desarrollan los individuos.",Número estrategias,6,1,2,2,2,1,0,2,0,4,$0,$0,0,0,0,0,0,0,$0
L2P9-08,Laura Gonzalez,Movilidad social y bienestar,Salud,Estrategias de gestión para abordar condiciones crónicas prevalentes implementadas,"Acciones para garantizar la prevención y el abordaje de enfermedades no transmisibles y de alteraciones de la salud bucal, visual y auditiva, gestión del riesgo disminución de la enfermedad y la discapacidad evitable.",Número estrategias,8,2,2,2,2,2,0,2,0,4,"$114,090,938","$77,717,144",0,0,0,0,0,0,"$77,717,144"
L2P9-09,Laura Gonzalez,Movilidad social y bienestar,Salud,Estrategias de gestión del riesgo para abordar situaciones de salud relacionadas con condiciones ambientales implementadas,"Incluye la gestión integral relacionada con la prevención de enfermedades generadas por sustancias químicas, por animales (zoonosis), vectores de contaminación en el aire y el agua, entre otros factores.",Número estrategias,8,2,2,2,2,2,0,2,0,4,"$28,442,350","$25,804,140",0,0,0,0,0,0,"$25,804,140"
L2P9-10,Laura Gonzalez,Movilidad social y bienestar,Salud,"Estrategias de gestión para temas de consumo, aprovechamiento biológico, calidad e inocuidad de los alimentos implementadas","Comprende acciones para disminuir la probabilidad de ocurrencia de eventos no deseados, evitables y negativos para la salud del individuo relacionado con la alimentación, como la obesidad, la desnutrición, la intoxicación, entre otros.",Número estrategias,8,2,2,2,2,2,0,2,0,4,"$14,716,643","$28,110,377",0,0,0,0,0,0,"$28,110,377"
L2P9-11,Laura Gonzalez,Movilidad social y bienestar,Salud,Campañas de promoción de la salud y prevención de riesgos asociados a condiciones no transmisibles implementadas,"Es el conjunto de acciones, procedimientos e intervenciones integrales, mediante los cuales se orienta a la población acerca de hábitos saludables que mejoran su condición de salud a través de la creación o adopción de modos, condiciones o estilos de vida saludables en los entornos cotidianos.",Número campañas,12,3,2,3,2,3,0,3,0,4,$0,"$89,885,526",0,0,0,0,0,0,"$89,885,526"
L2P9-12,Laura Gonzalez,Movilidad social y bienestar,Salud,Campañas de gestión del riesgo para abordar situaciones prevalentes de origen laboral implementadas,"Corresponde a las acciones que previenen la carga de la enfermedad relacionada con la salud y bienestar de todos los trabajadores derivados de la ocupación. Permite anticipar, conocer, evaluar y controlar los riesgos que pueden afectar la seguridad y salud en el trabajo.",Número de campañas,12,3,3,3,2,3,0,3,0,5,"$16,575,795","$37,482,260",0,0,0,0,0,0,"$37,482,260"
L2P9-13,Laura Gonzalez,Movilidad social y bienestar,Salud,Estrategias de promoción de la salud implementadas,"Corresponde a las estrategias, acciones, procedimientos e intervenciones integrales que permite a las personas incrementar el control sobre su salud. El servicio de promoción en salud pública incluye la formulación de política pública, creación de ambientes favorables a la salud, fortalecimiento de la acción y participación comunitaria, generación de entornos saludables, generación de capacidades sociales e individuales, educación en salud, desarrollo de actitudes personales saludables, reorientación de los servicios de salud para la transformación de las condiciones de salud, entre otros.",Número estrategias,12,3,2,3,2,3,0,3,0,4,"$177,554,116","$258,325,689",0,0,0,0,0,0,"$258,325,689"
L2P9-14,Laura Gonzalez,Movilidad social y bienestar,Salud,Valoraciones multidisciplinarias realizadas,"Corresponde a las acciones para la valoración clínica multidisciplinaria simultánea para identificar la condición de discapacidad, registro de localización y caracterización de las personas con discapacidad y generación del certificado de discapacidad.",Número,40,10,15,10,8,10,0,10,0,23,$0,$0,0,0,0,0,0,0,$0
L2P9-15,Laura Gonzalez,Movilidad social y bienestar,Salud,Informes de evento generados en la vigencia,Informes de evento generados en la vigencia,Número de informes,48,12,8,12,6,12,0,12,0,14,$0,"$24,532,050",0,0,0,0,0,0,"$24,532,050"
L2P9-16,Laura Gonzalez,Movilidad social y bienestar,Salud,Metodologías instrumentos y políticas de Inspección Vigilancia y Control diseñadas,"este servicio permite definir el diseño de metodologías, instrumentos y estrategias de Inspección Vigilancia y Control",Número de metodologías instrumentos y políticas,4,1,1,1,1,1,0,1,0,2,"$53,560,547","$64,620,910",0,0,0,0,0,0,"$64,620,910"
L2P9-17,Laura Gonzalez,Movilidad social y bienestar,Salud,Estrategias para el fortalecimiento del control social en salud implementadas,"Corresponde a las estrategias y acciones para la articulación de actores sociales, gubernamentales a nivel sectorial e intersectorial, entre otros, para generar mecanismos y espacios de participación, socialización y abogacía, para la participación en la planeación social, comunitaria y ciudadana en salud y la participación en la atención integral en salud, la salud pública, la gobernanza en salud y las intervenciones colectivas.",Número de estrategias,8,2,2,2,1,2,0,2,0,3,$0,$0,0,0,0,0,0,0,$0
L2P9-18,Laura Gonzalez,Movilidad social y bienestar,Salud,Servicio de del gestión de riesgo para abordar condiciones crónicas prevalentes,"Es el conjunto de acciones, procedimientos e intervenciones integrales, mediante los cuales se orienta a la población acerca de hábitos saludables que mejoran su condición de salud a través de la creación o adopción de modos, condiciones o estilos de vida saludables en los entornos cotidianos.",Número de Campañas,12,3,3,3,2,3,0,3,0,5,$0,$0,0,0,0,0,0,0,$0
L2P9-19,Laura Gonzalez,Movilidad social y bienestar,Salud,Servicio de apoyo para la dotación hospitalaria,"Corresponde a la entrega de recursos financieros o en especie para la adquisición de equipos biomédicos, dispositivos médicos, mobiliario asistencial, mobiliario administrativo, equipos TIC, y equipos industriales de uso hospitalario, de acuerdo a la normatividad vigente en salud.",Número de servicios de dotación hospitalaria,1,0,1,0,0,1,0,0,0,1,$0,$0,0,0,0,0,0,0,$0
L2P9-20,Laura Gonzalez,Movilidad social y bienestar,Salud,Instituciones financiadas para la atención en salud a la población,Corresponde a la entrega de recursos monetarios a las empresas sociales del estado o a terceros que administran infraestructura pública para la atención en salud a la población. Incluye a las empresas sociales del estado o a terceros que administran infraestructura pública ubicada en zonas alejadas o de difícil acceso que sean monopolio en servicios trazadores y no sostenibles por venta de servicios para la operación de la prestación de los servicios y tecnologías en salud.,Número de instituciones,4,1,1,1,1,1,0,1,0,2,"$377,734,341","$440,640,482",0,0,0,0,0,0,"$440,640,482"
L2P10-01,Frank Hurtado,Movilidad social y bienestar,Animales,Número de campañas,Consiste en la aplicación de biológicos en prácticas de medicina preventiva y/o curativa con el objeto de proteger las especies animales frente a riesgos sanitarios,Número,40,8,2,10,3,12,0,10,0,5,$0,"$21,000,000",0,0,0,0,0,0,"$21,000,000"
L2P10-02,Frank Hurtado,Movilidad social y bienestar,Animales,Estudios de prevalencia o ausencia realizados,"Documentar las solicitudes para obtener el estatus libre de enfermedad o infección, proporciona datos para apoyar el proceso de análisis de riesgos, para fines de salud animal o salud pública, y justificar la lógica de medidas sanitarias.",Estudios de prevalencia o ausencia realizados,40,8,18,10,4,12,0,10,0,22,$0,$0,0,0,0,0,0,0,$0
L2P11-01,Frank Hurtado,Movilidad social y bienestar,Seguridad alimentaria,Rutas agroecológicas en torno a huertas autosostenibles implementadas,"Contempla la implementación de estrategias para la articulación, promoción y ejecución de rutas agroecológicas, las cuales incluyen huertas que desarrollan procesos de agricultura urbana.",Número,80,16,0,20,9,24,0,20,0,9,$0,$0,0,0,0,0,0,0,$0
L2P11-02,Frank Hurtado,Movilidad social y bienestar,Seguridad alimentaria,Hogares asistidos técnicamente,"Corresponde a las acciones de acompañamiento técnico para promover la producción de alimentos para el autoconsumo, huertas casera, y otras que permitan mejorar los niveles de nutrición de la población y la satisfacción de sus necesidades alimentarias, para que sirvan de fundamento a procesos de generación productiva.",Número de hogares,600,120,0,150,119,180,0,150,0,119,$0,$0,0,0,0,0,0,0,$0
L2P11-03,Laura Gonzalez,Movilidad social y bienestar,Seguridad alimentaria,Servicios implementados para Niños y niñas atendidos en nutrición y protección,"Servicio dispuestos para atender a los niños y niñas en primera infancia, en los Hogares Comunitarios que brindan cuidado, nutrición y protección.",Número,4,0.8,1,1,1,1.2,0,1,0,2,$0,"$8,280,549",0,0,0,0,0,0,"$8,280,549"
L2P11-04,Laura Gonzalez,Movilidad social y bienestar,Seguridad alimentaria,Talleres realizados para el mejoramiento de hábitos alimenticios para hogares,"Mediante los cuales se realiza educación nutricional y alimentaria a las familias, con el objeto de lograr el cambio favorable de los hábitos, costumbres, tradiciones, creencias y prácticas de la comunidad sobre aspectos de nutrición y alimentación.",Talleres,80,16,12,20,10,24,0,20,0,22,"$24,017,159","$9,030,904",0,0,0,0,0,0,"$9,030,904"
L2P12-01,Mario Laverde,Movilidad social y bienestar,Vivienda,Vivienda de Interés Prioritario construidas,Corresponde a la solución de vivienda de interés prioritaria nueva construida y entregada por el estado al hogar que le fue asignado el subsidio familiar de vivienda de interés prioritaria para la adquisición de una vivienda nueva.,Número de viviendas,100,20,0,25,4,30,0,25,0,4,$0,$0,0,0,0,0,0,0,$0
L2P12-02,Mario Laverde,Movilidad social y bienestar,Vivienda,Vivienda de Interés Prioritario mejoradas,"Soluciones de vivienda para deficiencias en las condiciones sanitarias satisfactorias de espacio, servicios públicos y calidad de estructura de las viviendas de los hogares beneficiarios del subsidio. Intervenciones locativas asociadas, prioritariamente, a la habilitación o instalación de baños; lavaderos; cocinas; redes hidráulicas, sanitarias y eléctricas; cubiertas; pisos; reforzamiento estructural y otras condiciones relacionadas con el saneamiento y mejoramiento de la solución habitacional.",Número de viviendas,100,20,0,25,0,30,0,25,0,0,"$250,000,000","$586,438,557",0,0,0,0,0,0,"$586,438,557"
L2P12-03,Mario Laverde,Movilidad social y bienestar,Vivienda,Vivienda de Interés Social construidas,Corresponde a la solución de vivienda de interés social nueva construida y entregada por el estado al hogar que le fue asignado el subsidio familiar de vivienda de interés social para la adquisición de una vivienda nueva.,Número de viviendas,100,20,0,25,0,30,0,25,0,0,"$10,319,224","$67,584,466",0,0,0,0,0,0,"$67,584,466"
L2P12-04,Mario Laverde,Movilidad social y bienestar,Vivienda,Vivienda de Interés Social construidas en sitio propio,"Corresponde a la solución de vivienda de interés social nueva construida en un lote de propiedad del hogar que puede ser un lote de terreno, una terraza o una cubierta de losa y que es entregada por el estado al hogar que le fue asignado el subsidio familiar de vivienda de interés social para la adquisición de una vivienda nueva construida en sitio propio.",Número de viviendas,60,12,0,15,0,18,0,15,0,0,$0,$0,0,0,0,0,0,0,$0
L2P12-05,Mario Laverde,Movilidad social y bienestar,Vivienda,Vivienda de Interés Social mejoradas,"Soluciones de vivienda para deficiencias en las condiciones sanitarias satisfactorias de espacio, servicios públicos y calidad de estructura de las viviendas de los hogares beneficiarios del subsidio. Intervenciones locativas asociadas, prioritariamente, a la habilitación o instalación de baños; lavaderos; cocinas; redes hidráulicas, sanitarias y eléctricas; cubiertas; pisos; reforzamiento estructural y otras condiciones relacionadas con el saneamiento y mejoramiento de la solución habitacional.",Número de viviendas,400,80,250,100,50,120,0,100,0,300,"$211,854,545","$287,564,050",0,0,0,0,0,0,"$287,564,050"
L2P12-06,Mario Laverde,Movilidad social y bienestar,Vivienda,Predios legalizados,Viviendas tituladas y predios legalizados,Número,20,4,0,5,0,6,0,5,0,0,$0,$0,0,0,0,0,0,0,$0
L2P12-07,Mario Laverde,Movilidad social y bienestar,Vivienda,Asistencias técnicas realizadas,"Asistencia tecnica mediante mesas de trabajo, talleres, reuniones, socialización y divulgación de la política para promover el acercamiento, diálogo y articulación con los diferentes actores involucrados.",Número de asistencias técnicas,12,2.4,4,3,4,3.6,0,3,0,8,$0,$0,0,0,0,0,0,0,$0
L2P13-01,Mario Laverde,Movilidad social y bienestar,Servicios publicos,Familias beneficiadas con el suministro de agua,Transporte y distribución de agua potable a familias beneficiadas.,Número,400,80,200,100,0,120,0,100,0,200,$0,$0,0,0,0,0,0,0,$0
L2P13-02,Mario Laverde,Movilidad social y bienestar,Servicios publicos,Sistemas comunitarios de agua habilitados,Incluye diagnosticar la infraestructura de puntos comunitarios y la realización de su respectiva rehabilitación y/o construcción.,Número de puntos,34,6.8,0,8.5,5,10.2,0,8.5,0,5,$0,$0,0,0,0,0,0,0,$0
L2P13-03,Mario Laverde,Movilidad social y bienestar,Servicios publicos,"Proyectos de acueducto, alcantarillado y aseo apoyados financieramente","Financiación o Cofinanciación a planes, programas y proyectos relacionados con Agua Potable y Saneamiento Básico",Número de proyectos,10,2,4,2.5,2,3,0,2.5,0,6,"$377,524,242","$669,480,105",0,0,0,0,0,0,"$669,480,105"
L2P13-04,Mario Laverde,Movilidad social y bienestar,Servicios publicos,Número de Proyectos de acueducto y de manejo de aguas residuales financiados,"Servicios de apoyo financiero para la ejecución de proyectos de acueductos y de manejo de aguas residuales (una plantaPTAR de tratamiento para aguas residuales y sus respectivos colectores, para mitigar la contaminación de las fuentes hídricas)",Número de Proyectos,1,0.2,1,0.25,0.25,0.3,0,0.25,0,1.25,"$1,154,054,830","$2,173,904,102",0,0,0,0,0,0,"$2,173,904,102"
L2P13-05,Mario Laverde,Movilidad social y bienestar,Servicios publicos,Servicio de Acueducto Conectados a la red de servicio de acueducto,"Es la distribución de agua apta para el consumo humano, incluida su conexión y medición. También forman parte de este servicio las actividades complementarias tales como captación de agua, procesamiento, tratamiento, almacenamiento, conducción, transporte y pago de servicio de energía en municipios prestadores directos conforme a la normatividad vigente.",Número de usuarios,4,0.8,1,1,1,1.2,0,1,0,2,"$15,816,449","$246,013,273",0,0,0,0,0,0,"$246,013,273"
L2P13-06,Mario Laverde,Movilidad social y bienestar,Servicios publicos,Usuarios con acceso al servicio de aseo,"Es el servicio de recolección municipal de residuos, principalmente sólidos. También se aplicará este servicio a las actividades complementarias de transporte, tratamiento, aprovechamiento y disposición final de tales residuos.",Número,4,0.8,1,1,1,1.2,0,1,0,2,"$43,823,695","$64,470,666",0,0,0,0,0,0,"$64,470,666"
L2P13-07,Mario Laverde,Movilidad social y bienestar,Servicios publicos,Usuarios conectados a la red de servicio de alcantarillado,"Es la recolección municipal de residuos, principalmente líquidos y aguas lluvias, por medio de tuberías y conductos. Forman parte de este servicio las actividades complementarias de transporte, tratamiento, disposición final de tales residuos y pago de servicio de energía en municipios prestadores directos conforme a la normatividad vigente.",Número,4,0.8,1,1,1,1.2,0,1,0,2,$0,"$273,637,766",0,0,0,0,0,0,"$273,637,766"
L3P14-01,Katerine Valencia,Formacion para la transformacion,Ambientes de aprendizaje,Ambientes de aprendizaje en funcionamiento,"Incluye la disposición de material didáctico, pedagógico, tecnológico o de mobiliario en espacios estructurados para el aprendizaje significativo.",Número,26,5.2,5,6.5,6,7.8,0,6.5,0,11,"$282,714,072","$447,324,143",0,0,0,0,0,0,"$447,324,143"
L3P14-02,Katerine Valencia,Formacion para la transformacion,Ambientes de aprendizaje,Programas y proyectos de educación pertinente articulados con el sector productivo,"Incluye el desarrollo de estrategias que vinculen la educación con el sector productivo, que promuevan la pertinencia en la educación",Número de programas y proyectos,20,4,8,5,4,6,0,5,0,12,$0,$0,0,0,0,0,0,0,$0
L3P14-03,Katerine Valencia,Formacion para la transformacion,Ambientes de aprendizaje,Acuerdos de cooperación suscritos,Hace referencia a las acciones desarrolladas en el campo de relaciones y cooperación de CTI con organismos y entidades internacionales.,Número,3,0.6,0,0.75,0,0.9,0,0.75,0,0,$0,$0,0,0,0,0,0,0,$0
L3P14-04,Katerine Valencia,Formacion para la transformacion,Ambientes de aprendizaje,Planes estratégicos elaborados,"Consiste en la formulación de documentos cuyo objetivo es plasmar una visión de futuro a nivel país, entidad territorial, comunidad, sector, región, entidad o cualquier nivel de desagregación que se requiera, plasmando elementos como objetivos, estrategias, metas e indicadores.",Número,1,0.2,0,0.25,1,0.3,0,0.25,0,1,$0,$0,0,0,0,0,0,0,$0
L3P14-05,Katerine Valencia,Formacion para la transformacion,Ambientes de aprendizaje,Número de beneficiarios,"Incluye la puesta en marcha de propuestas de educación formal que permiten atender a poblaciones diversas o en condiciones de vulnerabilidad, que presentan dificultades para participar en la oferta educativa tradicional.",Número,1500,300,300,375,181,450,0,375,0,481,$0,$0,0,0,0,0,0,0,$0
L3P14-06,Katerine Valencia,Formacion para la transformacion,Ambientes de aprendizaje,Maestros y maestras oficiales beneficiados con procesos de formación en competencias TIC y digital.,Incluye formación en habilidades blandas y digitales,Porcentaje,80,16,80,20,20,24,0,20,0,100,"$11,959,920","$24,459,920",0,0,0,0,0,0,"$24,459,920"
L3P14-07,Katerine Valencia,Formacion para la transformacion,Ambientes de aprendizaje,Entidades o instituciones asistidas técnicamente en innovación educativa,"Es el servicio que se presta para generar y fortalecer la capacidad institucional de entidades públicas y privadas en temas de innovación educativa en la educación inicial, preescolar, básica y media",Número de instituciones,13,2.6,0,3.25,4,3.9,0,3.25,0,4,$0,$0,0,0,0,0,0,0,$0
L3P14-08,Katerine Valencia,Formacion para la transformacion,Ambientes de aprendizaje,Capacitaciones realizadas,"Corresponde a la oferta educativa informal como talleres, foros, capacitaciones presenciales o virtuales dirigida a los miembros de la comunidad educativa que tienen como objetivo brindar oportunidades para complementar, actualizar, perfeccionar, renovar o profundizar conocimientos, habilidades, técnicas y prácticas, este conocimiento libre y espontáneo adquirido, puede provenir de personas, entidades, medios masivos de comunicación, medios impresos, tradiciones, costumbres, comportamientos sociales y otros no estructurados y su duración es inferior a 160 horas.",Número capacitaciones,8,1.6,2,2,2,2.4,0,2,0,4,"$22,600,000","$90,146,518",0,0,0,0,0,0,"$90,146,518"
L3P15-01,Katerine Valencia,Formacion para la transformacion,Educacion,Beneficiarios de la alimentación escolar,Incluye la implementación de estrategias de alimentación escolar para fortalecer las acciones de retención estudiantil.,Número de raciones,6136,1227.2,1534,1534,1534,1840.8,0,1534,0,3068,"$162,345,393","$1,269,154,486",0,0,0,0,0,0,"$1,269,154,486"
L3P15-02,Katerine Valencia,Formacion para la transformacion,Educacion,Beneficiarios de transporte escolar,Incluye la implementación de estrategias de transporte escolar para fortalecer las acciones de retención estudiantil,Número de beneficiarios,1600,320,479,400,479,480,0,400,0,958,"$500,000,000","$924,928,000",0,0,0,0,0,0,"$924,928,000"
L3P15-03,Katerine Valencia,Formacion para la transformacion,Educacion,Personas beneficiarias de estrategias de permanencia,Incluye la implementación de estrategias para fortalecer las acciones de retención estudiantil de la población vulnerable escolarizada en el sistema educativo,Número personas,2500,500,1440,625,600,750,0,625,0,2040,"$87,983,068","$102,962,897",0,0,0,0,0,0,"$102,962,897"
L3P15-04,Katerine Valencia,Formacion para la transformacion,Educacion,Estrategias implementadas,Incluye la implementación de estrategias para fortalecer las acciones de retención estudiantil de la población vulnerable escolarizada en el sistema educativo,Número de eventos,12,2.4,5,3,3,3.6,0,3,0,8,$0,$0,0,0,0,0,0,0,$0
L3P15-05,Katerine Valencia,Formacion para la transformacion,Educacion,"Personas pertenecientes a comunidades, beneficiarias de créditos - beca para la permanencia en programas de educación",Incluye créditos - beca y subsidios en todas sus modalidades para fortalecer las acciones de retención estudiantil en la educación superior,Número beneficiarios,150,30,108,37.5,12,45,0,37.5,0,120,$0,$0,0,0,0,0,0,0,$0
L3P15-06,"Katerine Valencia, Mario Laverde",Formacion para la transformacion,Educacion,Sedes educativas adecuadas,"Corresponde a un inmueble sobre el cual se adelantan obras de edificación que cambian, de manera completa o parcial, el uso del inmueble, garantizando la permanencia Corresponde al proceso de ajuste o adaptación de un sitio, espacio o área de una edificación con las especificaciones técnicas requeridas para el desarrollo de las actividades definidas en dicho espacio, así mismo incluye acciones de remodelación o ampliación o modificación, entendidas como cambios de la infraestructura o arquitectura de una edificación, inlcuye la conectividad",Número sedes,14,2.8,10,3.5,3,4.2,0,3.5,0,13,"$10,953,467,397","$10,765,534,677",0,0,0,0,0,0,"$10,765,534,677"
L3P15-07,Katerine Valencia,Formacion para la transformacion,Educacion,Sedes dotadas,"Incluye el proceso de identificación de necesidades de dotación administrativa, así como la adquisición e instalación de mobiliario, tecnología y demás elementos no consumibles requeridos para apoyar la prestación de los servicios de la entidad.",Número,26,5.2,26,6.5,0,7.8,0,6.5,0,26,"$120,000,000","$171,557,095",0,0,0,0,0,0,"$171,557,095"
L3P15-08,Katerine Valencia,Formacion para la transformacion,Educacion,Instituciones educativas fortalecidas en competencias comunicativas en un segundo idioma,Procesos de formación para el desarrollo de competencias en un segundo idioma,Número de instituciones,4,0.8,1,1,1,1.2,0,1,0,2,$0,$0,0,0,0,0,0,0,$0
L3P15-09,Katerine Valencia,Formacion para la transformacion,Educacion,Servicio de fomento para la prevención de riesgos sociales en entornos escolares,"Incluye el diseño y puesta en marcha de procesos de formación situada a miembros de la comunidad educativa sobre riesgos sociales, así como la disposición de materiales educativos para la estrategia de atención a población vulnerable y víctima del conflicto armado.",Número de entidades,8,1.6,4,2,4,2.4,0,2,0,8,$0,$0,0,0,0,0,0,0,$0
L3P15-10,Katerine Valencia,Formacion para la transformacion,Educacion,Escuelas de padres apoyadas,Incluye las diferentes estrategias desarrolladas para fortalecer la conformación y la participación activa de las escuelas de padres.,Número de escuelas,12,2.4,12,3,4,3.6,0,3,0,16,$0,$0,0,0,0,0,0,0,$0
L3P16-01,Katerine Valencia,Formacion para la transformacion,Cultura,Creadores de contenidos culturales capacitados,"Son las capacitaciones para fortalecer las competencias y la calidad de los conocimientos de creadores de contenidos culturales mediáticos, de gestores y agentes culturales, de bibliotecarios, de músicos, de agentes que trabajan con la primera infancia, agentes del campo literario y el libro y agentes del campo de artes visuales y plásticas. La educación informal hace referencia a la adquisición del aprendizaje y todo tipo de conocimiento libre y espontáneo, proveniente de personas, entidades, medios masivos de comunicación, medios impresos, tradiciones, costumbres, comportamientos sociales y otros no estructurados. Incluye charlas, talleres, cursos no certificados.",Número de creadores capacitados,500,100,20,125,38,150,0,125,0,58,"$112,884,975","$157,642,720",0,0,0,0,0,0,"$157,642,720"
L3P16-02,Katerine Valencia,Formacion para la transformacion,Cultura,Agentes de la primera infancia capacitados,"Son las capacitaciones para fortalecer las competencias y la calidad de los conocimientos de creadores de contenidos culturales mediáticos, de gestores y agentes culturales, de bibliotecarios, de músicos, de agentes que trabajan con la primera infancia, agentes del campo literario y el libro y agentes del campo de artes visuales y plásticas. La educación informal hace referencia a la adquisición del aprendizaje y todo tipo de conocimiento libre y espontáneo, proveniente de personas, entidades, medios masivos de comunicación, medios impresos, tradiciones, costumbres, comportamientos sociales y otros no estructurados. Incluye charlas, talleres, cursos no certificados.",Número de Agentes,10,2,3,2.5,12,3,0,2.5,0,15,$0,$0,0,0,0,0,0,0,$0
L3P16-03,Katerine Valencia,Formacion para la transformacion,Cultura,Actividades culturales para la promoción de la cultura realizadas,"Corresponde a la organización y desarrollo de actividades culturales de carácter patrimonial, literario,biblioteca, artístico, musical, entre otros. También la realización de eventos y actividades con libreros y organizaciones responsables de ferias. Así como actividades culturales para el goce de los ciudadanos.",Número de eventos de promoción,15,3,5,3.75,3,4.5,0,3.75,0,8,"$3,473,609","$70,629,717",0,0,0,0,0,0,"$70,629,717"
L3P16-04,"Katerine Valencia, Mario Laverde",Formacion para la transformacion,Cultura,Infraestructura cultural intervenida,"Ajuste o adaptación de una Infraestructura Cultural en la cual ya se estén desarrollando prácticas culturales, se busca garantizar la permanencia del inmueble original con las especificaciones requeridas. Este proceso puede o no tener reforzamiento estructural.",Número de infraestructuras culturales,2,0.4,1,0.5,0,0.6,0,0.5,0,1,"$50,000,000",$0,0,0,0,0,0,0,$0
L3P16-05,Katerine Valencia,Formacion para la transformacion,Cultura,Eventos realizados,"Hace referencia a las actividades de divulgación a través de la página web de los museos, boletines informativos, redes sociales, etc. de los principales eventos académicos y culturales, exposiciones y programas. También referencia a las cartillas, libros, producción audiovisual, entre otras publicaciones elaboradas en temas de salvaguardia, protección, recuperación, conservación, sostenimiento y divulgación del Patrimonio Cultural de la Nación. Así como eventos como conferencias, conmemoraciones, conversatorios, encuentros, simposios etc. de carácter académico",Número de publicaciones,100,20,22,25,9,30,0,25,0,31,"$83,351,200","$1,317,409,659",0,0,0,0,0,0,"$1,317,409,659"
L3P16-06,Katerine Valencia,Formacion para la transformacion,Cultura,Procesos de salvaguardia efectiva del patrimonio inmaterial realizados,"Hace referencia a las estrategias orientadas a promover medidas efectivas para garantizar la viabilidad del patrimonio cultural inmaterial, comprendidas la identificación, documentación, investigación, recuperación, preservación, protección, promoción, valoración, transmisión y revitalización integral del mismo",Número de procesos de salvaguardia efectiva del patrimonio inmaterial,4,0.8,1,1,1,1.2,0,1,0,2,"$17,368,045","$342,282,028",0,0,0,0,0,0,"$342,282,028"
L3P16-07,Katerine Valencia,Formacion para la transformacion,Cultura,Capacitaciones realizadas,"Hace referencia a las actividades que se llevan a cabo fuera del ámbito escolar, que buscan desarrollar competencias y facultades de los individuos ofrecidas en el marco del programa nacional de vigías del patrimonio",Número de capacitaciones,8,1.6,2,2,1,2.4,0,2,0,3,$0,$0,0,0,0,0,0,0,$0
L3P16-08,Katerine Valencia,Formacion para la transformacion,Cultura,Procesos de formación atendidos,"Este servicio está orientado apoyar el proceso de formación artística y cultural a través del equipamiento de instrumentos y elementos propios de cada área (música, teatro, danzas y/o artes plásticas y visuales, biblioteca).",Número de procesos de formación,44,8.8,10,11,5,13.2,0,11,0,15,"$46,635,436","$309,208,281",0,0,0,0,0,0,"$309,208,281"
L3P16-09,Katerine Valencia,Formacion para la transformacion,Cultura,Personas asistidas técnicamente,"Hace referencia a las visitas de asistencia técnica a la institucionalidad cultural brindadas a los consejos y territoriales de cultura y a los gestores culturales, en temas relacionados con procesos de planeación, formulación de proyectos, fuentes de financiación, formación y participación ciudadana.",Número de personas,200,40,10,50,14,60,0,50,0,24,$0,$0,0,0,0,0,0,0,$0
L3P16-10,Katerine Valencia,Formacion para la transformacion,Cultura,Cursos realizados,"Oferta educativa entregada a la ciudadanía con el fin de fortalecer sus capacidades en diferentes disciplinas artísticas como la música, la danza, la lectura, entre otros.",Número de cursos,40,8,8,10,10,12,0,10,0,18,$0,$0,0,0,0,0,0,0,$0
L3P16-11,Katerine Valencia,Formacion para la transformacion,Cultura,Documentos normativos realizados,"Corresponde a los actos administrativos de carácter normativo y legal para la organización, funcionamiento, gestión y sostenibilidad del sector artístico y cultural.",Número de documentos,1,0.2,0,0.25,0,0.3,0,0.25,0,0,$0,$0,0,0,0,0,0,0,$0
L3P16-12,Katerine Valencia,Formacion para la transformacion,Cultura,Documentos sobre gestión cultural territorial realizados,Corresponde a las investigaciones en áreas culturales y artísticas.,Número de documentos,1,0.2,1,0.25,0,0.3,0,0.25,0,1,$0,$0,0,0,0,0,0,0,$0
L3P17-01,Katerine Valencia,Formacion para la transformacion,Deporte,Estímulos entregados,"Dentro del marco de los planes, programas y proyectos de la entidad se entregan diferentes incentivos a los integrantes del sistema nacional deportes y a los participantes o deportistas éstos pueden ser artículos deportivos, artículos tecnológicos, ademas de apoyar financieramente la realización e implementación de los mismos.",Número de estímulos,12,2.4,4,3,4,3.6,0,3,0,8,$0,"$37,082,119",0,0,0,0,0,0,"$37,082,119"
L3P17-02,Katerine Valencia,Formacion para la transformacion,Deporte,"Niños, niñas, adolescentes y jóvenes inscritos en Escuelas Deportivas","Corresponde a los procesos de iniciación, fundamentación y perfeccionamiento deportivos a partir de las clases donde se practica la actividad física, la recreación y/o el deporte.",Número de beneficiarios,3000,600,1959,750,500,900,0,750,0,2459,"$394,277,177","$783,802,567",0,0,0,0,0,0,"$783,802,567"
L3P17-03,"Katerine Valencia, mario Laverde",Formacion para la transformacion,Deporte,Gimnasios al aire libre construidos,Construcción de instalaciones y espacios físicos que permiten el desarrollo de diferentes actividades de tipo lúdico o recreativo para cuya práctica no se requieren reglas ni implementos especiales .,Número,4,0.8,0,1,1,1.2,0,1,0,1,$0,$0,0,0,0,0,0,0,$0
L3P17-04,Katerine Valencia,Formacion para la transformacion,Deporte,Canchas multifuncionales mantenidas,"Obras para mantener el inmueble en las debidas condiciones de higiene y ornato sin afectar su materia original, su estructura portante, su distribución interior y sus características funcionales Incluye obras de mantenimiento y reparación como limpieza, renovación de pintura, eliminación de goteras, remplazo de piezas en mal estado, obras de drenaje, control de humedades.",Número,7,1.4,4,1.75,1,2.1,0,1.75,0,5,$0,$0,0,0,0,0,0,0,$0
L3P17-05,"Katerine Valencia, Mario Laverde",Formacion para la transformacion,Deporte,Número de centros de recreación y deporte,Infraestructura construida y dotada con los instrumentos necesarios para la óptima realización del deporte.,Número,4,0.8,1,1,1,1.2,0,1,0,2,$0,$0,0,0,0,0,0,0,$0
L3P17-06,Katerine Valencia,Formacion para la transformacion,Deporte,Personas beneficiadas,"Corresponde a la planeación, organización y realización de eventos deportivos en las diferentes disciplinas con la comunidad.",Número,3000,600,663,750,300,900,0,750,0,963,"$95,728,492","$87,561,461",0,0,0,0,0,0,"$87,561,461"
L3P17-07,Katerine Valencia,Formacion para la transformacion,Deporte,Eventos de capacitación desarrollados,"Corresponde a la formación a la ciudadanía en recreación, actividad física, deportes social comunitario y/o aprovechamiento del tiempo libre con enfoque diferencial.",Eventos de Capacitación,20,4,8,5,10,6,0,5,0,18,$0,$0,0,0,0,0,0,0,$0
L3P17-08,Katerine Valencia,Formacion para la transformacion,Deporte,Mecanismos de divulgación deportiva desarrollados,"Aprovechamiento del deporte, la recreación y la actividad física con fines de esparcimiento y desarrollo físico procurando la integración el descanso mediante la realización de actividades deportivas y la promoción de espacios con la participación comunitaria. Incluye el programa Supérate con la promoción del deporte en niños adolescentes y jóvenes de los 7 a los 28 años en el territorio nacional a través de competencias deportivas.",Número,8,1.6,2,2,2,2.4,0,2,0,4,$0,$0,0,0,0,0,0,0,$0
L3P17-09,Katerine Valencia,Formacion para la transformacion,Deporte,Documentos de política elaborados,"Documentos cuyo objetivo es dar una orientación frente a las acciones que el Estado debe realizar en el marco de una tema específico con el fin de suplir necesidades de interés público, materializables en los diferentes instrumentos de planeación y presupuestación.",Número,1,0.2,0,0.25,0,0.3,0,0.25,0,0,$0,$0,0,0,0,0,0,0,$0
L3P17-10,Katerine Valencia,Formacion para la transformacion,Deporte,Eventos recreativos comunitarios realizados,"Corresponde a la planeación, organización y realización de eventos recreativos y de esparcimiento del tiempo libre con la comunidad.",Número de eventos,150,30,15,37.5,5,45,0,37.5,0,20,$0,"$91,743,217",0,0,0,0,0,0,"$91,743,217"
L3P17-11,Katerine Valencia,Formacion para la transformacion,Deporte,Deportistas preparados,"Corresponde a la preparación para las competencias de alto rendimiento deportivas que debe garantizarle al deportista un entrenador, una concentración deportiva para su entrenamiento y hospedaje",Número de Deportistas,500,100,183,125,80,150,0,125,0,263,$0,$0,0,0,0,0,0,0,$0
L4P18-01,Frank Hurtado,"Ambiente sostenible, bienestar sustentable y orden en el territorio",Medio ambiente,Documentos de lineamientos técnicos realizados,"Documentos cuyo objetivo es describir y explicar instrumentos, estándares, requisitos y condiciones necesarias para llevar a cabo un proceso o actividad",Número documentos,1,0.2,0,0.25,0,0.3,0,0.25,0,0,$0,$0,0,0,0,0,0,0,$0
L4P18-02,Frank Hurtado,"Ambiente sostenible, bienestar sustentable y orden en el territorio",Medio ambiente,Cubo de datos actualizado,"Corresponde a las actividades de monitoreo y seguimiento realizado al estado, la dinámica y la estabilidad de los recursos naturales, de las coberturas de la tierra, los glaciares, los suelos, la biodiversidad y los servicios ecosistémicos, mediante la toma, recolección y análisis de datos e información.",Reporte de monitoreo,1460,292,0,365,0,438,0,365,0,0,$0,$0,0,0,0,0,0,0,$0
L4P18-03,Frank Hurtado,"Ambiente sostenible, bienestar sustentable y orden en el territorio",Medio ambiente,Programas de recolección de residuos pos consumo evaluados,Seguimiento y evaluación realizada a programas que sean sometidos a sistemas de gestión diferencial y evitar que la disposición final se realice de manera conjunta con los residuos de origen doméstico.,Programas programas,4,0.8,1,1,3,1.2,0,1,0,4,$0,$0,0,0,0,0,0,0,$0
L4P18-04,Frank Hurtado,"Ambiente sostenible, bienestar sustentable y orden en el territorio",Medio ambiente,Árboles con mantenimiento,"Acciones orientadas a la siembra, mantenimiento y monitoreo de especies vegetales que cumplen una función especifica en el área, sin buscar el restablecimiento del ecosistema inicial.",Hectáreas de plantaciones,4,0.8,1.5,1,1.8,1.2,0,1,0,3.3,$0,$0,0,0,0,0,0,0,$0
L4P18-05,Frank Hurtado,"Ambiente sostenible, bienestar sustentable y orden en el territorio",Medio ambiente,Talleres realizados,Corresponde a las capacitaciones destinadas a los agentes ambientales en el marco de la conservación de la biodiversidad y los Servicio ecosistemicos.,Número,24,4.8,9,6,14,7.2,0,6,0,23,$0,$0,0,0,0,0,0,0,$0
L4P18-06,"Frank Hurtado, Mario Laverde","Ambiente sostenible, bienestar sustentable y orden en el territorio",Medio ambiente,Infraestructura ecoturística construida,Incluye el diseño y construcción de la infraestructura para el ecoturismo,Número,2,0.4,0,0.5,0,0.6,0,0.5,0,0,$0,$0,0,0,0,0,0,0,$0
L4P18-07,Mario Laverde,"Ambiente sostenible, bienestar sustentable y orden en el territorio",Medio ambiente,Estructura hidráulica construida,"Incluye las actividades para recuperar la capacidad hidráulica de cuerpos de agua con miras a recuperar sus servicios ecosistémicos, entre ellos, prevención de inudaciones, oferta de agua, la capacidad de almacenamiento de agua, conectividad hidráulica, hábitat para especies acuáticas",Número,3,0.6,0,0.75,1,0.9,0,0.75,0,1,$0,$0,0,0,0,0,0,0,$0
L4P18-08,Frank Hurtado,"Ambiente sostenible, bienestar sustentable y orden en el territorio",Medio ambiente,Documentos de planeación con la propuesta de acciones de mitigación y adaptación al cambio climático diseñados,"Documentos cuyo objetivo es plasmar una visión de futuro a nivel país, entidad territorial, comunidad, sector, región, entidad o cualquier nivel de desagregación que se requiera. Incluye objetivos, estrategias, metas e indicadores",Número,1,0.2,0,0.25,0,0.3,0,0.25,0,0,$0,$0,0,0,0,0,0,0,$0
L4P18-09,Frank Hurtado,"Ambiente sostenible, bienestar sustentable y orden en el territorio",Medio ambiente,Pilotos con acciones de mitigación y adaptación al cambio climático desarrollados,"Incluye la formulación e implementación de intervenciones locales orientadas a reducir las emisiones de gases efecto invernadero, aumento de sumideros de carbono, reducción de la vulnerabilidad, y aumento de la resiliencia a la variabilidad y al cambio climático.",Número,8,1.6,0,2,3,2.4,0,2,0,3,$0,$0,0,0,0,0,0,0,$0
L4P18-10,Frank Hurtado,"Ambiente sostenible, bienestar sustentable y orden en el territorio",Medio ambiente,Documentos de estudios técnicos para el conocimiento,Incluye la elaboración de estudios técnicos para el ordenamiento ambiental del territorio,Número,1,0.2,0,0.25,0,0.3,0,0.25,0,0,$0,$0,0,0,0,0,0,0,$0
L4P18-11,"Frank Hurtado, Mario Laverde","Ambiente sostenible, bienestar sustentable y orden en el territorio",Medio ambiente,Predios adquiridos,Predios adquiridos,Número,3,0.6,0,0.75,1,0.9,0,0.75,0,1,"$50,000,000","$2,409,859,505",0,0,0,0,0,0,"$2,409,859,505"
L4P18-12,Frank Hurtado,"Ambiente sostenible, bienestar sustentable y orden en el territorio",Medio ambiente,Sistemas de Alerta Temprana implementados,Acciones orientadas a la generación de alertas para la gestión del riesgo de desastres,Número sistemas,4,0.8,0,1,2,1.2,0,1,0,2,$0,$0,0,0,0,0,0,0,$0
L4P18-13,Frank Hurtado,"Ambiente sostenible, bienestar sustentable y orden en el territorio",Medio ambiente,Número de estrategias (economía circular y sostenibilidad).,Acciones orientadas al Desarrollo de modelos sostenibles,Número Estrategias,8,1.6,3,2,5,2.4,0,2,0,8,$0,$0,0,0,0,0,0,0,$0
L4P18-14,Frank Hurtado,"Ambiente sostenible, bienestar sustentable y orden en el territorio",Medio ambiente,Número de proyectos gobernanza del agua,"Acciones orientados al desarrollo de estrategias de la participación, cultura del agua, manejo de conflictos y de proyectos estratégicos asociados al agua de los actores para la Gestión Integral del Recurso Hídrico",Número proyectos,8,1.6,0,2,3,2.4,0,2,0,3,"$41,513,336","$102,424,812",0,0,0,0,0,0,"$102,424,812"
L4P18-15,Frank Hurtado,"Ambiente sostenible, bienestar sustentable y orden en el territorio",Medio ambiente,Número de proyectos (negocios sostenibles en la gestión de residuos),Servicio prestado para la recuperación y tratamiento de los residuos solidos con el fin de obtener de ellos nuevos productos u otros rendimientos útiles.,Número proyectos,8,1.6,3,2,5,2.4,0,2,0,8,"$16,537,500","$24,362,029",0,0,0,0,0,0,"$24,362,029"
L4P18-16,Frank Hurtado,"Ambiente sostenible, bienestar sustentable y orden en el territorio",Medio ambiente,Áreas con esquema de pago por servicios ambientales implementado,"Incluye el diseño y entrega de instrumentos económicos para dar incentivos a los usuarios del suelo, de manera que continúen ofreciendo un servicio ambiental (ecológico) que beneficia a la sociedad como un todo.",Ht,100,20,0,25,135.96,30,0,25,0,135.96,"$40,000,000","$40,307,989",0,0,0,0,0,0,"$40,307,989"
L4P18-17,Frank Hurtado,"Ambiente sostenible, bienestar sustentable y orden en el territorio",Medio ambiente,Áreas protegidas,Acciones orientadas a la designación de un área definida geográficamente como un área protegida con el fin de conservar el ecosistema.,HT,3,0.6,0,0.75,1,0.9,0,0.75,0,1,$0,"$86,172,108",0,0,0,0,0,0,"$86,172,108"
L4P18-18,Frank Hurtado,"Ambiente sostenible, bienestar sustentable y orden en el territorio",Medio ambiente,Capacitaciones realizadas,"Hace referencia a la capacitación a las comunidades en temas asociados a la prestación del servicio, la eficiencia energética y el uso racional de la energía como factor de sostenibilidad de la infraestructura energética",Número capacitaciones,8,1.6,2,2,4,2.4,0,2,0,6,$0,$0,0,0,0,0,0,0,$0
L4P18-19,Frank Hurtado,"Ambiente sostenible, bienestar sustentable y orden en el territorio",Medio ambiente,Negocios verdes consolidados,Incluye la verificación y asesoría técnica en la consolidación de negocios verdes,Número de negocios verdes,30,6,0,7.5,10,9,0,7.5,0,10,$0,$0,0,0,0,0,0,0,$0
L4P18-20,Frank Hurtado,"Ambiente sostenible, bienestar sustentable y orden en el territorio",Medio ambiente,Campañas realizadas,Acciones orientadas a divulgar o difundir el conocimiento generado para la planificación sectorial y la gestión ambiental,Número de documentos divulgados,12,2.4,6,3,8,3.6,0,3,0,14,$0,$0,0,0,0,0,0,0,$0
L4P18-21,Frank Hurtado,"Ambiente sostenible, bienestar sustentable y orden en el territorio",Medio ambiente,Número de instancias territoriales,"Corresponde al acompañamiento, apoyo, asesoría y seguimiento técnico para la transferencia de herramientas de gestión y conocimiento en políticas, planes , proyectos y programas de apoyo a la dirección y gestión de la administración territorial.",Número de Instancias,4,0.8,1,1,2,1.2,0,1,0,3,"$134,018,182","$184,106,700",0,0,0,0,0,0,"$184,106,700"
L4P19-01,Mario Laverde,"Ambiente sostenible, bienestar sustentable y orden en el territorio",Infraestructura,Espacio publico adecuado,"Mejoramiento, ampliación y/o mantenimiento de los elementos constitutivos y complementarios del espacio público contenidos en el Decreto 1504 de 1998",Número de proyectos,6,1.2,1,1.5,1,1.8,0,1.5,0,2,"$672,885,413","$1,930,755,948",0,0,0,0,0,0,"$1,930,755,948"
L4P19-02,Mario Laverde,"Ambiente sostenible, bienestar sustentable y orden en el territorio",Infraestructura,Via intervenida,"Mejoramiento, ampliación y/o mantenimiento de los elementos constitutivos y complementarios del espacio público contenidos en el Decreto 1504 de 1998",Número de Proyectos,6,1.2,3,1.5,1,1.8,0,1.5,0,4,"$253,999,335","$798,228,490",0,0,0,0,0,0,"$798,228,490"
L4P19-03,Mario Laverde,"Ambiente sostenible, bienestar sustentable y orden en el territorio",Infraestructura,Parques mejorados,"Mejoramiento, ampliación y/o mantenimiento de los elementos constitutivos y complementarios del espacio público contenidos en el Decreto 1504 de 1998",Número de proyectos,2,0.4,0,0.5,0,0.6,0,0.5,0,0,$0,$0,0,0,0,0,0,0,$0
L4P19-04,Frank Hurtado,"Ambiente sostenible, bienestar sustentable y orden en el territorio",Infraestructura,Plan Integral de gestión de residuos sólidos (PGIRS) actualizado,"Documentos cuyo objetivo es plasmar una visión de futuro adel Municipio. Incluye objetivos, estrategias, metas e indicadores",Número,1,0.2,1,0.25,0,0.3,0,0.25,0,1,$0,$0,0,0,0,0,0,0,$0
L4P19-05,Mario Laverde,"Ambiente sostenible, bienestar sustentable y orden en el territorio",Infraestructura,Documentos de planeación,"Documentos cuyo objetivo es plasmar una visión de futuro a nivel país, entidad territorial, comunidad, sector, región, entidad o cualquier nivel de desagregación que se requiera. Incluye objetivos, estrategias, metas e indicadores",Número,1,0.2,0,0.25,0,0.3,0,0.25,0,0,$0,$0,0,0,0,0,0,0,$0
L4P19-06,Mario Laverde,"Ambiente sostenible, bienestar sustentable y orden en el territorio",Infraestructura,Proyectos de aguas residuales apoyados financieramente,"Financiación o Cofinanciación a planes, programas y proyectos relacionados con Agua Potable y Saneamiento Básico",Número de proyectos,4,0.8,1,1,1,1.2,0,1,0,2,$0,$0,0,0,0,0,0,0,$0
L4P19-07,Frank Hurtado,"Ambiente sostenible, bienestar sustentable y orden en el territorio",Infraestructura,Plataformas logísticas operando (para el desarrollo económico),Corresponde a infraestructuras para el desarrollo económico,Número de proyectos,1,0.2,0,0.25,0,0.3,0,0.25,0,0,$0,$0,0,0,0,0,0,0,$0
L4P19-08,Mario Laverde,"Ambiente sostenible, bienestar sustentable y orden en el territorio",Infraestructura,Centros de recreación mantenidos,"Obras para mantener el inmueble en las debidas condiciones de higiene y ornato sin afectar su materia original, su estructura portante, su distribución interior y sus características funcionales Incluye obras de mantenimiento y reparación como limpieza, renovación de pintura, eliminación de goteras, remplazo de piezas en mal estado, obras de drenaje, control de humedades.",Número de centros,20,4,5,5,1,6,0,5,0,6,"$439,048,865","$1,390,969,392",0,0,0,0,0,0,"$1,390,969,392"
L4P19-09,Mario Laverde,"Ambiente sostenible, bienestar sustentable y orden en el territorio",Infraestructura,Vía terciaria construida,Incluye la construcción de vías nuevas en zonas sin comunicación vial,Kilómetros de vías terciaria,20,4,1,5,2.15,6,0,5,0,3,"$420,094,071","$1,093,638,835",0,0,0,0,0,0,"$1,093,638,835"
L4P19-10,Mario Laverde,"Ambiente sostenible, bienestar sustentable y orden en el territorio",Infraestructura,Morgues construidas y dotadas,"Corresponde a la construcción y dotación de la morgue en las entidades de la red de salud pública. Morgue se define como el ""lugar o espacio destinado a depositar temporalmente cadáveres, restos u órganos y/o partes humanas, con el fin de: determinar posibles causas de la muerte a través de necropsias, realizar la identificación del cadáver, realizar viscerotomias o para realizar procedimientos de tanatopraxia"" (Resolución 1447 de 2009).",Número,1,0.2,0,0.25,0,0.3,0,0.25,0,0,$0,$0,0,0,0,0,0,0,$0
L4P19-11,Juan Manuel,"Ambiente sostenible, bienestar sustentable y orden en el territorio",Infraestructura,Estrategias de seguridad vial implementadas,Incluye el diseño y desarrollo de estrategias materia de seguridad vial dirigida a los diferentes actores viales,Número,8,1.6,3,2,2,2.4,0,2,0,5,"$160,642,872","$160,770,156",0,0,0,0,0,0,"$160,770,156"
L4P19-12,Mario Laverde,"Ambiente sostenible, bienestar sustentable y orden en el territorio",Infraestructura,Estrategias implementadas,"Incluye el diseño e implementación de todo tipo de campañas y estrategias formativas e informativas visuales, auditivas y audiovisuales para la promoción del transporte seguro, sostenible y eficiente",Número de estrategias,8,1.6,2,2,0,2.4,0,2,0,2,$0,$0,0,0,0,0,0,0,$0
L4P19-13,Mario Laverde,"Ambiente sostenible, bienestar sustentable y orden en el territorio",Infraestructura,Sedes educativas nuevas construidas,Contempla la construcción de nueva infraestructura educativa,Número de sedes,1,0.2,0,0.25,1,0.3,0,0.25,0,1,$0,$0,0,0,0,0,0,0,$0
L4P19-14,Mario Laverde,"Ambiente sostenible, bienestar sustentable y orden en el territorio",Infraestructura,Hospitales de primer nivel de atención ampliados,"Infraestructura hospitalaria de primer nivel de atención ampliada, para la prestación de servicios de salud a la población. Incluye centros de salud, puestos de salud e infraestructura local de prestación de servicios.",Número de hospitales,1,0.2,1,0.25,0,0.3,0,0.25,0,1,$0,$0,0,0,0,0,0,0,$0
L4P19-15,Mario Laverde,"Ambiente sostenible, bienestar sustentable y orden en el territorio",Infraestructura,Casas comunitarias campesinas adecuadas,"Espacios comunitarios campesinos para intercambio de productos, reuniones y alojamiento.",Número,15,3,4,3.75,2,4.5,0,3.75,0,6,$0,$0,0,0,0,0,0,0,$0
L4P19-16,Mario Laverde,"Ambiente sostenible, bienestar sustentable y orden en el territorio",Infraestructura,Plaza de mercado mantenida,Lugar con infraestructura que acopia productores y comercializadores minoristas a lo cuales el cliente final y/o consumidor podrá tener acceso a los productos que se ofrecen.,Número,1,0.2,1,0.25,0,0.3,0,0.25,0,1,"$11,093,109","$11,093,109",0,0,0,0,0,0,"$11,093,109"
L4P19-17,Mario Laverde,"Ambiente sostenible, bienestar sustentable y orden en el territorio",Infraestructura,Obras de infraestructura para la reducción del riesgo de desastres,"Intervenciones que buscan reducir el nivel de riesgo existente en un determinado sitio, mediante acciones de carácter estructural – físicas que conlleven a corregir o reducir las condiciones de amenaza, cuando esto sea posible, y/o la vulnerabilidad de los elementos expuestos.",Número de obras,4,0.8,1,1,1,1.2,0,1,0,2,"$183,385,925","$263,932,342",0,0,0,0,0,0,"$263,932,342"
L4P19-18,Mario Laverde,"Ambiente sostenible, bienestar sustentable y orden en el territorio",Infraestructura,Casas comunitarias campesinas construidas,"Espacios comunitarios campesinos para intercambio de productos, reuniones y alojamiento.",Número de casas comunitarias campesinas,1,0.2,0,0.25,0,0.3,0,0.25,0,0,$0,$0,0,0,0,0,0,0,$0
L5P20-01,Juan Manuel,"Seguridad, gobernabilidad ciudadana y gobierno de calidad",Ciudadania,Personas capacitadas con educación informal,"Acciones orientadas al desarrollo de programas educativos para complementar, actualizar, perfeccionar, renovar o profundizar conocimientos, habilidades, técnicas y prácticas. Este conocimiento libre y espontáneo adquirido, puede provenir de personas, entidades, medios masivos de comunicación, medios impresos, tradiciones, costumbres, comportamientos sociales y otros no estructurados y su duración es inferior a 160 horas.",Número,1000,200,250,250,0,300,0,250,0,250,"$10,000,000","$10,000,000",0,0,0,0,0,0,"$10,000,000"
L5P20-02,Juan Manuel,"Seguridad, gobernabilidad ciudadana y gobierno de calidad",Ciudadania,Personas capacitadas con educación informal,"Contiene la planeación y ejecución de estrategias, logística e insumos necesarios para generar procesos de conocimiento a través de programas educativos y de divulgación, que permitan dar a conocer información de alternatividad penal a todo tipo de público (institucional y particular, grupos poblacionales específicos). Este proceso incluye programas de educacion informal en sus fases de programación, realización, evaluación y cierre.",Número,1000,200,240,250,115,300,0,250,0,355,"$17,500,000","$17,500,000",0,0,0,0,0,0,"$17,500,000"
L5P20-03,Juan Manuel,"Seguridad, gobernabilidad ciudadana y gobierno de calidad",Ciudadania,Personas capacitadas,"Involucra la programación, realización, evaluación y cierre de procesos de formación y educación de índole informal, en temas relevantes de prevención del delito y de fenomenos criminales a particulares, instituciones educativas, entidades, entre otros, a nivel nacional y en los territorios.",Número,1000,200,250,250,0,300,0,250,0,250,$0,"$36,400,000",0,0,0,0,0,0,"$36,400,000"
L5P20-04,Juan Manuel,"Seguridad, gobernabilidad ciudadana y gobierno de calidad",Ciudadania,Estrategias de educación informal implementadas,"Incluye estrategias de formación a los actores de los Sistemas de Transporte Público Orgnizados para promover la cultura ciudadana, seguridad en los sistemas de transporte, orientación en el uso de los sistemas, entre otros que contribuyan con la adecuada movilidad en los sistemas de transporte público.",Número de estrategias,4,0.8,1,1,1,1.2,0,1,0,2,$0,$0,0,0,0,0,0,0,$0
L5P20-05,Juan Manuel,"Seguridad, gobernabilidad ciudadana y gobierno de calidad",Ciudadania,Oficinas para la atención y orientación ciudadana dotadas,Oficinas de atención ciudadana dotadas,Número,1,0.2,1,0.25,0,0.3,0,0.25,0,1,$0,$0,0,0,0,0,0,0,$0
L5P20-06,Juan Manuel,"Seguridad, gobernabilidad ciudadana y gobierno de calidad",Ciudadania,Estrategias de seguridad ciudadana implementadas,"Incluye la implementación de programas, estrategias y acciones dirigidas al mejoramiento de las condiciones de seguridad ciudadana y del manejo de emergencias y contingencias, con el propósito de mitigar los eventos de afectación de la seguridad e integridad de los usuarios, de la infraestructura, de los equipos y demás elementos de los Sistemas de Transporte Púbico de Pasajeros.",Número de estrategias,8,1.6,2,2,1,2.4,0,2,0,3,"$321,476,176","$681,319,201",0,0,0,0,0,0,"$681,319,201"
L5P20-07,Juan Manuel,"Seguridad, gobernabilidad ciudadana y gobierno de calidad",Ciudadania,Escuelas territoriales de convivencia creadas en las regiones,"Acciones enfocadas a dotar a la ciudadanía de conocimientos, herramientas, habilidades y destrezas que aporten a su desarrollo personal, social, político y cultural , con énfasis en la construcción de la paz, la convivencia y la reconciliación.",Número de escuelas,1,0.2,0,0.25,0,0.3,0,0.25,0,0,$0,$0,0,0,0,0,0,0,$0
L5P20-08,Juan Manuel,"Seguridad, gobernabilidad ciudadana y gobierno de calidad",Ciudadania,Centros de Convivencia Ciudadana en operación,Corresponde a la cofinanciación o puesta en operación de los centros de convivencia Ciudadana,Número de centros de convivencia ciudadana,1,0.2,1,0.25,0,0.3,0,0.25,0,1,$0,$0,0,0,0,0,0,0,$0
L5P20-09,Juan Manuel,"Seguridad, gobernabilidad ciudadana y gobierno de calidad",Ciudadania,Iniciativas creadas,Corresponde al diseño e implementación de acciones y estrategias que promuevan el ejercicio de la participación ciudadana.,Número de iniciativas,12,2.4,3,3,3,3.6,0,3,0,6,"$97,645,025","$615,604,400",0,0,0,0,0,0,"$615,604,400"
L5P21-01,Juan Manuel,"Seguridad, gobernabilidad ciudadana y gobierno de calidad",Seguridad,Personas capacitadas,"Servicio de educación informal en temas de acceso a la justicia (Espacios Territoriales de participación y
 Reincorporación, organizaciones sociales acompañados, víctimas del conflicto, mujeres, niños, niñas, jóvenes, adultos mayores, personas con discapacidad, Diversidad sexual )",Número,3000,600,800,750,0,900,0,750,0,800,$0,$0,0,0,0,0,0,0,$0
L5P21-02,Juan Manuel,"Seguridad, gobernabilidad ciudadana y gobierno de calidad",Seguridad,Personas capacitadas,"Corresponde a los procesos de formación en temas de conciliación en derecho dirigidos a los servidores públicos y operadores en métodos de solución de conflictos habilitados para conciliar, así como el fortalecimiento en las competencias, habilidades y técnicas de negociación en resolución de conflictos de los conciliadores en equidad. Igualmente, refleja los procesos que se adelantan para la implementación de la conciliación en equidad;Víctimas",Número,500,100,68,125,68,150,0,125,0,136,$0,$0,0,0,0,0,0,0,$0
L5P21-03,Juan Manuel,"Seguridad, gobernabilidad ciudadana y gobierno de calidad",Seguridad,Sistema de información implementado,"Servicios orientados al diseño desarrollo,implementación, mantenimiento y adecuación de sistema de información y herramientas tecnológicas.",Número de acciones,4,0.8,1,1,1,1.2,0,1,0,2,$0,"$2,058,298",0,0,0,0,0,0,"$2,058,298"
L5P21-04,Juan Manuel,"Seguridad, gobernabilidad ciudadana y gobierno de calidad",Seguridad,Personas capacitadas con educación informal,"Involucra la programación, realización, evaluación y cierre de procesos de formación y educación de índole informal, para la implementación de procesos de justicia restaurativa en adultos y adolescentes.",Personas capacitadas,3000,600,400,750,0,900,0,750,0,400,"$7,452,700","$7,452,700",0,0,0,0,0,0,"$7,452,700"
L5P21-05,Juan Manuel,"Seguridad, gobernabilidad ciudadana y gobierno de calidad",Seguridad,Personas privadas de la libertad (PPL) vinculadas a programas ocupacionales,Son los diferentes Servicio que reciben las personas privadas de la libertad para buscar su resocialización,Pocentaje,100,20,20,25,25,30,0,25,0,45,$0,$0,0,0,0,0,0,0,$0
L5P21-06,Juan Manuel,"Seguridad, gobernabilidad ciudadana y gobierno de calidad",Seguridad,Servicio de bienestar para Personas privadas de la libertad,Hace referencia a los diferentes Servicio de bienestar que reciben las personas privadas de la libertad,"Número
 servicios de Bienestar",3,0.6,3,0.75,1,0.9,0,0.75,0,4,"$150,400,000","$190,375,000",0,0,0,0,0,0,"$190,375,000"
L5P21-07,Juan Manuel,"Seguridad, gobernabilidad ciudadana y gobierno de calidad",Seguridad,Cupos penitenciarios y carcelarios entregados,Hace referencia a la construcción y dotación de establecimientos de reclusión nacionales y territoriales,Número,1,0.2,0,0.25,0,0.3,0,0.25,0,0,"$50,000,000","$230,000,000",0,0,0,0,0,0,"$230,000,000"
L5P21-08,Juan Manuel,"Seguridad, gobernabilidad ciudadana y gobierno de calidad",Seguridad,Mesas de víctimas Municipales fortalecidas,Hace referencia a la mesa de victimas del Municipio y su acompañamiento,Número,1,0.2,1,0.25,0.25,0.3,0,0.25,0,1.25,"$7,500,000","$8,241,000",0,0,0,0,0,0,"$8,241,000"
L5P21-09,Juan Manuel,"Seguridad, gobernabilidad ciudadana y gobierno de calidad",Seguridad,Mesas de derechos humanos fortalecidas,Asesoría y acompañamiento a las mesas de trabajo integradas por diferentes actores de la sociedad civil y entidades claves para la formulación de planes de acción y la implementación de proyectos que respondan a temáticas y a necesidades particulares definidas por los equipos conformado,Número,4,0.8,0,1,1,1.2,0,1,0,1,"$10,000,000","$10,000,000",0,0,0,0,0,0,"$10,000,000"
L5P21-10,Juan Manuel,"Seguridad, gobernabilidad ciudadana y gobierno de calidad",Seguridad,Capacitaciones realizadas,"Servicio de educación informal en materia de cultura de legalidad organizaciones sociales acompañados, víctimas del conflicto, mujeres, niños, niñas, jóvenes, adultos mayores, personas con discapacidad )",Número capacitaciones,12,2.4,3,3,0,3.6,0,3,0,3,$0,$0,0,0,0,0,0,0,$0
L5P21-11,Juan Manuel,"Seguridad, gobernabilidad ciudadana y gobierno de calidad",Seguridad,Eventos de divulgación para la seguridad y convivencia ciudadana realizados,"Servicio de divulgación en seguridad, paz y convivencia ciudadana. organizaciones sociales acompañados, víctimas del conflicto, mujeres, niños, niñas, jóvenes, adultos mayores, personas con discapacidad, Diversidad sexual )",Número de eventos,12,2.4,2,3,3,3.6,0,3,0,5,"$279,506,707","$268,563,156",0,0,0,0,0,0,"$268,563,156"
L5P21-12,Juan Manuel,"Seguridad, gobernabilidad ciudadana y gobierno de calidad",Seguridad,Centros de Información Estratégica Policía Seccional instalados y dotados,"Incluye la instalaciòn y dotación de Centros de Información Estratégica Policial Seccional – CIEPS los cuales son el espacio estratégico del orden operacional de la estación de policía, en el cual se desarrolla el análisis de la información para la planeación, orientación, evaluación y retroalimentación del servicio de policía, dirigido a la solución de las problemáticas que afectan la convivencia y seguridad de la jurisdicción.",Número de centros de información Estratégica Policía Seccional,1,0.2,0,0.25,0,0.3,0,0.25,0,0,$0,$0,0,0,0,0,0,0,$0
L5P21-13,Juan Manuel,"Seguridad, gobernabilidad ciudadana y gobierno de calidad",Seguridad,Infraestructura de soporte adecuada (CTP),"Acciones orientadas a cambiar el uso de la infraestructura de soporte o parte de ella, garantizando la permanencia total o parcial del inmueble original para mejorar sus condiciones operativas",Número de infraestructura (CTP),1,0.2,0,0.25,0,0.3,0,0.25,0,0,$0,$0,0,0,0,0,0,0,$0
L5P22-01,Juan Manuel,"Seguridad, gobernabilidad ciudadana y gobierno de calidad",Gobernanza,Sedes administrativas dotadas y adecuadas,"Descripción Incluye el proceso de identificación de necesidades de dotación administrativa, así como la adquisición e instalación de mobiliario y demás elementos no consumibles requeridos para apoyar la prestación de los servicios de la entidad.",Número,1,0.2,1,0.25,0,0.3,0,0.25,0,1,$0,$0,0,0,0,0,0,0,$0
L5P22-02,Juan Manuel,"Seguridad, gobernabilidad ciudadana y gobierno de calidad",Gobernanza,Personas capacitadas con educación informal,Hace referencia a las acciones de formación o capacitaciones orientadas a fortalecer las competencias y la calidad de los conocimientos para la gestión de las entidades.,Número,100,20,15,25,25,30,0,25,0,40,"$20,000,000","$8,995,418",0,0,0,0,0,0,"$8,995,418"
L5P22-03,Juan Manuel,"Seguridad, gobernabilidad ciudadana y gobierno de calidad",Gobernanza,Personas capacitadas,"Corresponde al desarrollo de actividades educativas sobre el Sistema de Compra Pública, servicio al ciudadano y la coordinación del programa de formación en aprovisionamiento estratégico",Número,200,40,18,50,121,60,0,50,0,139,$0,$0,0,0,0,0,0,0,$0
L5P22-04,Juan Manuel,"Seguridad, gobernabilidad ciudadana y gobierno de calidad",Gobernanza,Índice de capacidad en la prestación de servicios de tecnología,"Corresponde al proceso que asegura la disponibilidad del servicio a través de la infraestructura informática tanto de software como de hardware, lo relacionado con seguridad informática; así como la instalación, adecuación y mejoramiento de redes de conectividad y comunicación (LAN, WAN)",Indice de capacidad,50,10,5,12.5,12.5,15,0,12.5,0,17.5,"$58,109,091","$41,800,000",0,0,0,0,0,0,"$41,800,000"
L5P22-05,Juan Manuel,"Seguridad, gobernabilidad ciudadana y gobierno de calidad",Gobernanza,Personas atendidas con campañas de gestión del riesgo para abordar situaciones prevalentes de origen laboral,"Corresponde a las acciones que previenen la carga de la enfermedad relacionada con la salud y bienestar de todos los trabajadores derivados de la ocupación. Permite anticipar, conocer, evaluar y controlar los riesgos que pueden afectar la seguridad y salud en el trabajo.",número de personas,100,20,68,25,25,30,0,25,0,93,"$39,261,000","$46,731,631",0,0,0,0,0,0,"$46,731,631"
L5P22-06,Juan Manuel,"Seguridad, gobernabilidad ciudadana y gobierno de calidad",Gobernanza,Avance del índice de madurez en la implementación y sostenimiento del Sistema de Control Interno,"El control interno es un conjunto de elementos interrelacionados, donde intervienen todos los servidores en las entidades, como responsables del control en el ejercicio de sus actividades; el control interno busca garantizar razonablemente el cumplimiento de los objetivos institucionales y la contribución de éstos a los fines esenciales del Estado. Se prestarán servicios de asesoría tanto de forma presencial o haciendo uso de otros canales, con el objetivo de mejorar la implementación de controles y la gestión del riesgo.",Porcentaje,90,18,0,22.5,22.5,27,0,22.5,0,22.5,$0,$0,0,0,0,0,0,0,$0
L5P22-07,Juan Manuel,"Seguridad, gobernabilidad ciudadana y gobierno de calidad",Gobernanza,Esquemas para el manejo y organización de documentos e información diseñados,"Conjunto de actividades administrativas y técnicas tendientes a la planificación, manejo y organización de la documentación producida y recibida por las entidades, desde su origen hasta su destino final, con el objeto de facilitar su utilización y conservación. (Ley 594 de 2000)",Número de esquemas,1,0.2,1,0.25,0.25,0.3,0,0.25,0,1.25,"$15,309,000","$15,309,000",0,0,0,0,0,0,"$15,309,000"
L5P22-08,Juan Manuel,"Seguridad, gobernabilidad ciudadana y gobierno de calidad",Gobernanza,Sistema de Gestión implementado MIPG),"Contempla actividades de apoyo, necesarias para el diseño e implementación de sistemas de gestión y de desempeño institucional en el marco del Modelo Integrado de Planeación y Gestión - MIPG, para generar capacidades instaladas en los servidores públicos en temas como: Fortalecimiento Institucional, Planeación Estratégica, simplificación de procesos, identificación y manejo de riesgos, controles, diseño e implementación de indicadores de gestión y gestión del conocimiento.",Número,1,0.2,1,0.25,0.25,0.3,0,0.25,0,1.25,"$26,460,000","$38,940,000",0,0,0,0,0,0,"$38,940,000"
L5P22-09,Juan Manuel,"Seguridad, gobernabilidad ciudadana y gobierno de calidad",Gobernanza,Eventos realizados (bienestar empleados),"Gestión Talento Humano está orientada al desarrollo y cualificación de servidores públicos buscando la observancia del principio del mérito para la provisión de empleos, desarrollo de competencias, vocación de servicio, aplicación de estímulos y una gerencia pública enfocada a la consecución de resultados. Incluye capacitación, bienestar, estímulos, clima organizacional y Plan anual de vacantes.",Número,16,3.2,5,4,4,4.8,0,4,0,9,"$67,811,350","$424,524,602",0,0,0,0,0,0,"$424,524,602"
L5P22-10,Megui,"Seguridad, gobernabilidad ciudadana y gobierno de calidad",Gobernanza,Área geográfica actualizada catastralmente con enfoque multipropósito,"Acciones orientadas a renovar el inventario o censo predial en sus componentes físico, jurídico y económico con enfoque multipropósito, de acuerdo con los cambios experimentados por los inmuebles en cada uno de sus componentes. Entregable: base catastral actualizada.",Porcentaje,100,20,0,25,0,30,0,25,0,0,$0,$0,0,0,0,0,0,0,$0
L5P22-11,Juan Manuel,"Seguridad, gobernabilidad ciudadana y gobierno de calidad",Gobernanza,Rendición de cuentas realizadas,"Servicio de asistencia técnica en rendición de cuentas, participación, transparencia y servicio al ciudadano",Número,8,1.6,2,2,0,2.4,0,2,0,2,"$15,000,000","$15,000,000",0,0,0,0,0,0,"$15,000,000"
L5P22-12,Megui,"Seguridad, gobernabilidad ciudadana y gobierno de calidad",Gobernanza,Programa de saneamiento fiscal y financiero ejecutado,"Corresponde a la ejecución del programa integral, institucional, financiero y administrativo que cubra la entidad territorial y que tenga por objeto restablecer la solidez económica y financiera de la misma mediante la adopción de medidas de reorganización administrativa, racionalización del gasto, reestructuración de la deuda, saneamiento de pasivos y fortalecimiento de los ingresos.",Porcentaje,80,16,10,20,0,24,0,20,0,10,$0,$0,0,0,0,0,0,0,$0
L5P22-13,Juan Manuel,"Seguridad, gobernabilidad ciudadana y gobierno de calidad",Gobernanza,Sistemas de información implementados,"Corresponde a los sistemas de información que se utilizan para la administración de datos, información, entre otros, para los procesos de toma de decisiones.",Número,1,0.2,0,0.25,0.25,0.3,0,0.25,0,0.25,$0,"$50,171,307",0,0,0,0,0,0,"$50,171,307"
L5P22-14,Juan Manuel,"Seguridad, gobernabilidad ciudadana y gobierno de calidad",Gobernanza,Acuerdos de cooperación suscritos,Hace referencia a las acciones desarrolladas en el campo de relaciones y cooperación con organismos y entidades internacionales.,Número,5,1,2,1.25,0,1.5,0,1.25,0,2,$0,$0,0,0,0,0,0,0,$0